# ************************************************************
# Sequel Pro SQL dump
# Version 4541
#
# http://www.sequelpro.com/
# https://github.com/sequelpro/sequelpro
#
# Host: 172.22.111.37 (MySQL 5.6.17)
# Database: mesartim
# Generation Time: 2016-09-19 15:52:20 +0000
# ************************************************************


/*!40101 SET @OLD_CHARACTER_SET_CLIENT=@@CHARACTER_SET_CLIENT */;
/*!40101 SET @OLD_CHARACTER_SET_RESULTS=@@CHARACTER_SET_RESULTS */;
/*!40101 SET @OLD_COLLATION_CONNECTION=@@COLLATION_CONNECTION */;
/*!40101 SET NAMES utf8 */;
/*!40014 SET @OLD_FOREIGN_KEY_CHECKS=@@FOREIGN_KEY_CHECKS, FOREIGN_KEY_CHECKS=0 */;
/*!40101 SET @OLD_SQL_MODE=@@SQL_MODE, SQL_MODE='NO_AUTO_VALUE_ON_ZERO' */;
/*!40111 SET @OLD_SQL_NOTES=@@SQL_NOTES, SQL_NOTES=0 */;


# Dump of table annotation
# ------------------------------------------------------------

DROP TABLE IF EXISTS `annotation`;

CREATE TABLE `annotation` (
  `id` int(11) NOT NULL AUTO_INCREMENT,
  `user_id` int(11) NOT NULL,
  `message_id` int(11) NOT NULL,
  `criteria_id` int(11) NOT NULL,
  `value` int(11) DEFAULT NULL,
  `comment` text,
  `datecreation` datetime DEFAULT CURRENT_TIMESTAMP,
  PRIMARY KEY (`id`),
  KEY `fk_user_has_Message_Message1_idx` (`message_id`),
  KEY `fk_user_has_Message_user1_idx` (`user_id`),
  KEY `fk_Vote_type1_idx` (`criteria_id`),
  CONSTRAINT `annotation_ibfk_1` FOREIGN KEY (`message_id`) REFERENCES `message` (`id`),
  CONSTRAINT `fk_user_has_Message_Message1` FOREIGN KEY (`Message_id`) REFERENCES `message` (`id`) ON DELETE NO ACTION ON UPDATE NO ACTION,
  CONSTRAINT `fk_user_has_Message_user1` FOREIGN KEY (`user_id`) REFERENCES `user` (`id`) ON DELETE NO ACTION ON UPDATE NO ACTION,
  CONSTRAINT `fk_Vote_type1` FOREIGN KEY (`criteria_id`) REFERENCES `criteria` (`id`) ON DELETE NO ACTION ON UPDATE NO ACTION
) ENGINE=InnoDB DEFAULT CHARSET=utf8;

LOCK TABLES `annotation` WRITE;
/*!40000 ALTER TABLE `annotation` DISABLE KEYS */;

INSERT INTO `annotation` (`id`, `user_id`, `message_id`, `criteria_id`, `value`, `comment`, `datecreation`)
VALUES
	(1,3,30,1,32,NULL,'2016-06-03 11:19:38'),
	(2,3,21,1,47,NULL,'2016-06-03 11:45:11'),
	(3,3,21,2,30,NULL,'2016-06-03 11:45:11'),
	(4,3,21,3,66,NULL,'2016-06-03 11:45:11'),
	(5,3,21,0,1,NULL,'2016-06-03 11:45:11'),
	(6,3,21,1,34,NULL,'2016-06-03 11:50:44'),
	(7,3,21,2,68,NULL,'2016-06-03 11:50:44'),
	(8,3,21,3,50,NULL,'2016-06-03 11:50:44'),
	(9,3,34,1,33,NULL,'2016-06-03 14:21:15'),
	(10,3,34,2,57,NULL,'2016-06-03 14:21:15'),
	(11,3,34,3,0,NULL,'2016-06-03 14:21:15'),
	(12,3,34,1,33,NULL,'2016-06-03 14:21:22'),
	(13,3,34,2,57,NULL,'2016-06-03 14:21:22'),
	(14,3,34,3,0,NULL,'2016-06-03 14:21:22'),
	(15,3,34,0,1,NULL,'2016-06-03 14:21:22'),
	(16,3,21,1,85,NULL,'2016-06-03 15:00:54'),
	(17,3,21,2,68,NULL,'2016-06-03 15:00:54'),
	(18,3,21,3,50,NULL,'2016-06-03 15:00:54'),
	(19,1,35,1,64,NULL,'2016-06-06 14:41:50'),
	(20,1,35,2,33,NULL,'2016-06-06 14:41:50'),
	(21,1,35,3,76,NULL,'2016-06-06 14:41:50'),
	(22,1,35,0,1,NULL,'2016-06-06 14:41:50'),
	(23,1,27,1,21,NULL,'2016-06-06 14:41:55'),
	(24,1,27,2,56,NULL,'2016-06-06 14:41:55'),
	(25,1,27,3,83,NULL,'2016-06-06 14:41:55'),
	(26,1,34,1,76,NULL,'2016-06-08 16:53:01'),
	(27,1,34,2,50,NULL,'2016-06-08 16:53:01'),
	(28,1,34,3,50,NULL,'2016-06-08 16:53:01'),
	(29,1,35,1,83,NULL,'2016-06-09 11:27:17'),
	(30,1,35,2,26,NULL,'2016-06-09 11:27:17'),
	(31,1,35,3,71,NULL,'2016-06-09 11:27:17'),
	(32,1,35,0,1,NULL,'2016-06-09 11:27:17'),
	(33,1,17,1,81,NULL,'2016-06-09 11:28:28'),
	(34,1,17,2,34,NULL,'2016-06-09 11:28:28'),
	(35,1,17,3,63,NULL,'2016-06-09 11:28:28'),
	(36,1,35,1,16,NULL,'2016-06-09 11:32:58'),
	(37,1,35,2,63,NULL,'2016-06-09 11:32:58'),
	(38,1,35,3,37,NULL,'2016-06-09 11:32:58'),
	(39,1,35,0,1,NULL,'2016-06-09 11:32:58'),
	(40,1,27,1,85,NULL,'2016-06-09 11:33:10'),
	(41,1,27,2,25,NULL,'2016-06-09 11:33:10'),
	(42,1,27,3,69,NULL,'2016-06-09 11:33:10'),
	(43,3,15,1,11,NULL,'2016-06-10 14:16:21'),
	(44,3,15,2,93,NULL,'2016-06-10 14:16:21'),
	(45,3,15,3,10,NULL,'2016-06-10 14:16:21'),
	(46,3,37,1,98,NULL,'2016-06-10 14:16:41'),
	(47,3,37,2,5,NULL,'2016-06-10 14:16:41'),
	(48,3,37,3,4,NULL,'2016-06-10 14:16:41'),
	(49,22,46,1,100,NULL,'2016-09-12 17:06:54'),
	(50,22,46,2,100,NULL,'2016-09-12 17:06:54'),
	(51,22,46,3,100,NULL,'2016-09-12 17:06:54'),
	(52,22,46,0,1,NULL,'2016-09-12 17:06:54'),
	(53,22,46,1,100,NULL,'2016-09-12 17:07:02'),
	(54,22,46,2,100,NULL,'2016-09-12 17:07:02'),
	(55,22,46,3,100,NULL,'2016-09-12 17:07:02'),
	(56,22,46,0,1,NULL,'2016-09-12 17:07:02'),
	(57,22,46,1,100,NULL,'2016-09-12 17:08:38'),
	(58,22,46,2,100,NULL,'2016-09-12 17:08:38'),
	(59,22,46,3,100,NULL,'2016-09-12 17:08:38'),
	(60,22,46,0,1,NULL,'2016-09-12 17:08:38'),
	(61,18,41,1,100,NULL,'2016-09-12 17:08:44'),
	(62,18,41,2,100,NULL,'2016-09-12 17:08:44'),
	(63,18,41,3,100,NULL,'2016-09-12 17:08:44'),
	(64,18,41,0,1,NULL,'2016-09-12 17:08:44'),
	(65,32,46,1,100,NULL,'2016-09-12 17:09:23'),
	(66,32,46,2,100,NULL,'2016-09-12 17:09:23'),
	(67,32,46,3,100,NULL,'2016-09-12 17:09:23'),
	(68,32,46,0,1,NULL,'2016-09-12 17:09:23'),
	(69,43,41,1,100,NULL,'2016-09-12 17:11:34'),
	(70,43,41,2,100,NULL,'2016-09-12 17:11:34'),
	(71,43,41,3,100,NULL,'2016-09-12 17:11:34'),
	(72,33,41,1,100,NULL,'2016-09-12 17:12:02'),
	(73,33,41,2,100,NULL,'2016-09-12 17:12:02'),
	(74,33,41,3,100,NULL,'2016-09-12 17:12:02'),
	(75,33,41,1,100,NULL,'2016-09-12 17:12:17'),
	(76,33,41,2,100,NULL,'2016-09-12 17:12:17'),
	(77,33,41,3,100,NULL,'2016-09-12 17:12:17'),
	(78,47,46,1,100,NULL,'2016-09-12 17:12:32'),
	(79,47,46,2,100,NULL,'2016-09-12 17:12:32'),
	(80,47,46,3,100,NULL,'2016-09-12 17:12:32'),
	(81,22,45,1,50,NULL,'2016-09-12 17:12:32'),
	(82,22,45,2,70,NULL,'2016-09-12 17:12:32'),
	(83,22,45,3,21,NULL,'2016-09-12 17:12:32'),
	(84,47,45,1,24,NULL,'2016-09-12 17:13:19'),
	(85,47,45,2,18,NULL,'2016-09-12 17:13:19'),
	(86,47,45,3,20,NULL,'2016-09-12 17:13:19'),
	(87,22,43,1,55,NULL,'2016-09-12 17:13:28'),
	(88,22,43,2,10,NULL,'2016-09-12 17:13:28'),
	(89,22,43,3,10,NULL,'2016-09-12 17:13:28'),
	(90,10,41,1,100,NULL,'2016-09-12 17:13:40'),
	(91,10,41,2,100,NULL,'2016-09-12 17:13:40'),
	(92,10,41,3,100,NULL,'2016-09-12 17:13:40'),
	(93,47,45,1,41,NULL,'2016-09-12 17:13:40'),
	(94,47,45,2,15,NULL,'2016-09-12 17:13:40'),
	(95,47,45,3,9,NULL,'2016-09-12 17:13:40'),
	(96,47,45,1,41,NULL,'2016-09-12 17:13:44'),
	(97,47,45,2,15,NULL,'2016-09-12 17:13:44'),
	(98,47,45,3,9,NULL,'2016-09-12 17:13:44'),
	(99,47,45,1,41,NULL,'2016-09-12 17:13:47'),
	(100,47,45,2,15,NULL,'2016-09-12 17:13:47'),
	(101,47,45,3,9,NULL,'2016-09-12 17:13:47'),
	(102,47,45,1,41,NULL,'2016-09-12 17:13:52'),
	(103,47,45,2,15,NULL,'2016-09-12 17:13:52'),
	(104,47,45,3,9,NULL,'2016-09-12 17:13:52'),
	(105,51,46,1,100,NULL,'2016-09-12 17:14:27'),
	(106,51,46,2,100,NULL,'2016-09-12 17:14:27'),
	(107,51,46,3,100,NULL,'2016-09-12 17:14:27'),
	(108,51,46,1,100,NULL,'2016-09-12 17:14:32'),
	(109,51,46,2,100,NULL,'2016-09-12 17:14:32'),
	(110,51,46,3,100,NULL,'2016-09-12 17:14:32'),
	(111,51,46,1,100,NULL,'2016-09-12 17:14:37'),
	(112,51,46,2,100,NULL,'2016-09-12 17:14:37'),
	(113,51,46,3,100,NULL,'2016-09-12 17:14:37'),
	(114,10,41,1,100,NULL,'2016-09-12 17:14:57'),
	(115,10,41,2,100,NULL,'2016-09-12 17:14:57'),
	(116,10,41,3,100,NULL,'2016-09-12 17:14:57'),
	(117,10,41,0,1,NULL,'2016-09-12 17:14:57'),
	(118,18,41,1,100,NULL,'2016-09-12 17:15:04'),
	(119,18,41,2,100,NULL,'2016-09-12 17:15:04'),
	(120,18,41,3,100,NULL,'2016-09-12 17:15:04'),
	(121,18,41,0,1,NULL,'2016-09-12 17:15:04'),
	(122,51,46,1,100,NULL,'2016-09-12 17:15:08'),
	(123,51,46,2,100,NULL,'2016-09-12 17:15:08'),
	(124,51,46,3,100,NULL,'2016-09-12 17:15:08'),
	(125,10,40,1,44,NULL,'2016-09-12 17:16:34'),
	(126,10,40,2,54,NULL,'2016-09-12 17:16:34'),
	(127,10,40,3,2,NULL,'2016-09-12 17:16:34'),
	(128,43,40,1,40,NULL,'2016-09-12 17:16:36'),
	(129,43,40,2,35,NULL,'2016-09-12 17:16:36'),
	(130,43,40,3,30,NULL,'2016-09-12 17:16:36'),
	(131,31,40,1,60,NULL,'2016-09-12 17:16:39'),
	(132,31,40,2,48,NULL,'2016-09-12 17:16:39'),
	(133,31,40,3,41,NULL,'2016-09-12 17:16:39'),
	(134,43,40,1,40,NULL,'2016-09-12 17:16:40'),
	(135,43,40,2,35,NULL,'2016-09-12 17:16:40'),
	(136,43,40,3,30,NULL,'2016-09-12 17:16:40'),
	(137,28,40,1,70,NULL,'2016-09-12 17:16:54'),
	(138,28,40,2,30,NULL,'2016-09-12 17:16:54'),
	(139,28,40,3,40,NULL,'2016-09-12 17:16:54'),
	(140,30,40,1,80,NULL,'2016-09-12 17:16:56'),
	(141,30,40,2,35,NULL,'2016-09-12 17:16:56'),
	(142,30,40,3,10,NULL,'2016-09-12 17:16:56'),
	(143,34,40,1,20,NULL,'2016-09-12 17:16:57'),
	(144,34,40,2,60,NULL,'2016-09-12 17:16:57'),
	(145,34,40,3,40,NULL,'2016-09-12 17:16:57'),
	(146,32,40,1,66,NULL,'2016-09-12 17:16:57'),
	(147,32,40,2,65,NULL,'2016-09-12 17:16:57'),
	(148,32,40,3,40,NULL,'2016-09-12 17:16:57'),
	(149,52,40,1,49,NULL,'2016-09-12 17:17:05'),
	(150,52,40,2,19,NULL,'2016-09-12 17:17:05'),
	(151,52,40,3,34,NULL,'2016-09-12 17:17:05'),
	(152,55,40,1,83,NULL,'2016-09-12 17:17:09'),
	(153,55,40,2,53,NULL,'2016-09-12 17:17:09'),
	(154,55,40,3,91,NULL,'2016-09-12 17:17:09'),
	(155,42,40,1,80,NULL,'2016-09-12 17:17:09'),
	(156,42,40,2,65,NULL,'2016-09-12 17:17:09'),
	(157,42,40,3,75,NULL,'2016-09-12 17:17:09'),
	(158,42,40,1,80,NULL,'2016-09-12 17:17:09'),
	(159,42,40,2,65,NULL,'2016-09-12 17:17:09'),
	(160,42,40,3,75,NULL,'2016-09-12 17:17:09'),
	(161,18,40,1,75,NULL,'2016-09-12 17:17:09'),
	(162,18,40,2,50,NULL,'2016-09-12 17:17:09'),
	(163,18,40,3,60,NULL,'2016-09-12 17:17:09'),
	(164,52,40,1,49,NULL,'2016-09-12 17:17:11'),
	(165,52,40,2,19,NULL,'2016-09-12 17:17:11'),
	(166,52,40,3,34,NULL,'2016-09-12 17:17:11'),
	(167,52,40,1,49,NULL,'2016-09-12 17:17:13'),
	(168,52,40,2,19,NULL,'2016-09-12 17:17:13'),
	(169,52,40,3,34,NULL,'2016-09-12 17:17:13'),
	(170,35,40,1,50,NULL,'2016-09-12 17:17:14'),
	(171,35,40,2,51,NULL,'2016-09-12 17:17:14'),
	(172,35,40,3,51,NULL,'2016-09-12 17:17:14'),
	(173,52,40,1,49,NULL,'2016-09-12 17:17:15'),
	(174,52,40,2,19,NULL,'2016-09-12 17:17:15'),
	(175,52,40,3,34,NULL,'2016-09-12 17:17:15'),
	(176,52,40,1,49,NULL,'2016-09-12 17:17:15'),
	(177,52,40,2,19,NULL,'2016-09-12 17:17:15'),
	(178,52,40,3,34,NULL,'2016-09-12 17:17:15'),
	(179,57,40,1,79,NULL,'2016-09-12 17:17:15'),
	(180,57,40,2,53,NULL,'2016-09-12 17:17:15'),
	(181,57,40,3,85,NULL,'2016-09-12 17:17:15'),
	(182,52,40,1,49,NULL,'2016-09-12 17:17:17'),
	(183,52,40,2,19,NULL,'2016-09-12 17:17:17'),
	(184,52,40,3,34,NULL,'2016-09-12 17:17:17'),
	(185,55,40,1,83,NULL,'2016-09-12 17:17:18'),
	(186,55,40,2,53,NULL,'2016-09-12 17:17:18'),
	(187,55,40,3,91,NULL,'2016-09-12 17:17:18'),
	(188,52,40,1,49,NULL,'2016-09-12 17:17:18'),
	(189,52,40,2,19,NULL,'2016-09-12 17:17:18'),
	(190,52,40,3,34,NULL,'2016-09-12 17:17:18'),
	(191,52,40,1,49,NULL,'2016-09-12 17:17:18'),
	(192,52,40,2,19,NULL,'2016-09-12 17:17:18'),
	(193,52,40,3,34,NULL,'2016-09-12 17:17:18'),
	(194,52,40,1,49,NULL,'2016-09-12 17:17:18'),
	(195,52,40,2,19,NULL,'2016-09-12 17:17:18'),
	(196,52,40,3,34,NULL,'2016-09-12 17:17:18'),
	(197,52,40,1,49,NULL,'2016-09-12 17:17:18'),
	(198,52,40,2,19,NULL,'2016-09-12 17:17:18'),
	(199,52,40,3,34,NULL,'2016-09-12 17:17:18'),
	(200,52,40,1,49,NULL,'2016-09-12 17:17:18'),
	(201,52,40,2,19,NULL,'2016-09-12 17:17:18'),
	(202,52,40,3,34,NULL,'2016-09-12 17:17:18'),
	(203,52,40,1,49,NULL,'2016-09-12 17:17:19'),
	(204,52,40,2,19,NULL,'2016-09-12 17:17:19'),
	(205,52,40,3,34,NULL,'2016-09-12 17:17:19'),
	(206,52,40,1,49,NULL,'2016-09-12 17:17:19'),
	(207,52,40,2,19,NULL,'2016-09-12 17:17:19'),
	(208,52,40,3,34,NULL,'2016-09-12 17:17:19'),
	(209,52,40,1,49,NULL,'2016-09-12 17:17:19'),
	(210,52,40,2,19,NULL,'2016-09-12 17:17:19'),
	(211,52,40,3,34,NULL,'2016-09-12 17:17:19'),
	(212,52,40,1,49,NULL,'2016-09-12 17:17:19'),
	(213,52,40,2,19,NULL,'2016-09-12 17:17:19'),
	(214,52,40,3,34,NULL,'2016-09-12 17:17:19'),
	(215,35,40,1,50,NULL,'2016-09-12 17:17:19'),
	(216,35,40,2,51,NULL,'2016-09-12 17:17:19'),
	(217,35,40,3,51,NULL,'2016-09-12 17:17:19'),
	(218,32,40,1,66,NULL,'2016-09-12 17:17:19'),
	(219,32,40,2,65,NULL,'2016-09-12 17:17:19'),
	(220,32,40,3,40,NULL,'2016-09-12 17:17:19'),
	(221,33,40,1,80,NULL,'2016-09-12 17:17:20'),
	(222,33,40,2,99,NULL,'2016-09-12 17:17:20'),
	(223,33,40,3,89,NULL,'2016-09-12 17:17:20'),
	(224,52,40,1,49,NULL,'2016-09-12 17:17:21'),
	(225,52,40,2,19,NULL,'2016-09-12 17:17:21'),
	(226,52,40,3,34,NULL,'2016-09-12 17:17:21'),
	(227,32,40,1,66,NULL,'2016-09-12 17:17:22'),
	(228,32,40,2,65,NULL,'2016-09-12 17:17:22'),
	(229,32,40,3,40,NULL,'2016-09-12 17:17:22'),
	(230,52,40,1,49,NULL,'2016-09-12 17:17:22'),
	(231,52,40,2,19,NULL,'2016-09-12 17:17:22'),
	(232,52,40,3,34,NULL,'2016-09-12 17:17:22'),
	(233,52,40,1,49,NULL,'2016-09-12 17:17:22'),
	(234,52,40,2,19,NULL,'2016-09-12 17:17:22'),
	(235,52,40,3,34,NULL,'2016-09-12 17:17:22'),
	(236,52,40,1,49,NULL,'2016-09-12 17:17:22'),
	(237,52,40,2,19,NULL,'2016-09-12 17:17:22'),
	(238,52,40,3,34,NULL,'2016-09-12 17:17:22'),
	(239,39,40,1,75,NULL,'2016-09-12 17:17:23'),
	(240,39,40,2,68,NULL,'2016-09-12 17:17:23'),
	(241,39,40,3,66,NULL,'2016-09-12 17:17:23'),
	(242,52,40,1,49,NULL,'2016-09-12 17:17:23'),
	(243,52,40,2,19,NULL,'2016-09-12 17:17:23'),
	(244,52,40,3,34,NULL,'2016-09-12 17:17:23'),
	(245,52,40,1,49,NULL,'2016-09-12 17:17:23'),
	(246,52,40,2,19,NULL,'2016-09-12 17:17:23'),
	(247,52,40,3,34,NULL,'2016-09-12 17:17:23'),
	(248,52,40,1,49,NULL,'2016-09-12 17:17:27'),
	(249,52,40,2,19,NULL,'2016-09-12 17:17:27'),
	(250,52,40,3,34,NULL,'2016-09-12 17:17:27'),
	(251,52,40,1,49,NULL,'2016-09-12 17:17:27'),
	(252,52,40,2,19,NULL,'2016-09-12 17:17:27'),
	(253,52,40,3,34,NULL,'2016-09-12 17:17:27'),
	(254,52,40,1,49,NULL,'2016-09-12 17:17:27'),
	(255,52,40,2,19,NULL,'2016-09-12 17:17:27'),
	(256,52,40,3,34,NULL,'2016-09-12 17:17:27'),
	(257,52,40,1,49,NULL,'2016-09-12 17:17:28'),
	(258,52,40,2,19,NULL,'2016-09-12 17:17:28'),
	(259,52,40,3,34,NULL,'2016-09-12 17:17:28'),
	(260,52,40,1,49,NULL,'2016-09-12 17:17:29'),
	(261,52,40,2,19,NULL,'2016-09-12 17:17:29'),
	(262,52,40,3,34,NULL,'2016-09-12 17:17:29'),
	(263,56,40,1,72,NULL,'2016-09-12 17:17:29'),
	(264,56,40,2,30,NULL,'2016-09-12 17:17:29'),
	(265,56,40,3,47,NULL,'2016-09-12 17:17:29'),
	(266,52,40,1,49,NULL,'2016-09-12 17:17:29'),
	(267,52,40,2,19,NULL,'2016-09-12 17:17:29'),
	(268,52,40,3,34,NULL,'2016-09-12 17:17:29'),
	(269,52,40,1,49,NULL,'2016-09-12 17:17:30'),
	(270,52,40,2,19,NULL,'2016-09-12 17:17:30'),
	(271,52,40,3,34,NULL,'2016-09-12 17:17:30'),
	(272,52,40,1,49,NULL,'2016-09-12 17:17:30'),
	(273,52,40,2,19,NULL,'2016-09-12 17:17:30'),
	(274,52,40,3,34,NULL,'2016-09-12 17:17:30'),
	(275,39,40,1,75,NULL,'2016-09-12 17:17:30'),
	(276,39,40,2,68,NULL,'2016-09-12 17:17:30'),
	(277,39,40,3,66,NULL,'2016-09-12 17:17:30'),
	(278,32,40,1,66,NULL,'2016-09-12 17:17:32'),
	(279,32,40,2,65,NULL,'2016-09-12 17:17:32'),
	(280,32,40,3,40,NULL,'2016-09-12 17:17:32'),
	(281,32,40,0,1,NULL,'2016-09-12 17:17:32'),
	(282,52,40,1,49,NULL,'2016-09-12 17:17:32'),
	(283,52,40,2,19,NULL,'2016-09-12 17:17:32'),
	(284,52,40,3,34,NULL,'2016-09-12 17:17:32'),
	(285,26,40,1,36,NULL,'2016-09-12 17:17:33'),
	(286,26,40,2,82,NULL,'2016-09-12 17:17:33'),
	(287,26,40,3,43,NULL,'2016-09-12 17:17:33'),
	(288,52,40,1,49,NULL,'2016-09-12 17:17:38'),
	(289,52,40,2,19,NULL,'2016-09-12 17:17:38'),
	(290,52,40,3,34,NULL,'2016-09-12 17:17:38'),
	(291,52,40,1,49,NULL,'2016-09-12 17:17:39'),
	(292,52,40,2,19,NULL,'2016-09-12 17:17:39'),
	(293,52,40,3,34,NULL,'2016-09-12 17:17:39'),
	(294,52,40,1,49,NULL,'2016-09-12 17:17:39'),
	(295,52,40,2,19,NULL,'2016-09-12 17:17:39'),
	(296,52,40,3,34,NULL,'2016-09-12 17:17:39'),
	(297,52,40,1,49,NULL,'2016-09-12 17:17:40'),
	(298,52,40,2,19,NULL,'2016-09-12 17:17:40'),
	(299,52,40,3,34,NULL,'2016-09-12 17:17:40'),
	(300,57,40,1,79,NULL,'2016-09-12 17:17:40'),
	(301,57,40,2,53,NULL,'2016-09-12 17:17:40'),
	(302,57,40,3,84,NULL,'2016-09-12 17:17:40'),
	(303,46,40,1,40,NULL,'2016-09-12 17:17:43'),
	(304,46,40,2,50,NULL,'2016-09-12 17:17:43'),
	(305,46,40,3,10,NULL,'2016-09-12 17:17:43'),
	(306,56,40,1,72,NULL,'2016-09-12 17:17:44'),
	(307,56,40,2,30,NULL,'2016-09-12 17:17:44'),
	(308,56,40,3,47,NULL,'2016-09-12 17:17:44'),
	(309,56,40,1,72,NULL,'2016-09-12 17:17:44'),
	(310,56,40,2,30,NULL,'2016-09-12 17:17:44'),
	(311,56,40,3,47,NULL,'2016-09-12 17:17:44'),
	(312,46,40,1,40,NULL,'2016-09-12 17:17:48'),
	(313,46,40,2,50,NULL,'2016-09-12 17:17:48'),
	(314,46,40,3,10,NULL,'2016-09-12 17:17:48'),
	(315,19,40,1,80,NULL,'2016-09-12 17:17:54'),
	(316,19,40,2,60,NULL,'2016-09-12 17:17:54'),
	(317,19,40,3,60,NULL,'2016-09-12 17:17:54'),
	(318,19,40,1,80,NULL,'2016-09-12 17:17:59'),
	(319,19,40,2,60,NULL,'2016-09-12 17:17:59'),
	(320,19,40,3,60,NULL,'2016-09-12 17:17:59'),
	(321,19,40,1,80,NULL,'2016-09-12 17:18:01'),
	(322,19,40,2,60,NULL,'2016-09-12 17:18:01'),
	(323,19,40,3,60,NULL,'2016-09-12 17:18:01'),
	(324,19,40,1,80,NULL,'2016-09-12 17:18:01'),
	(325,19,40,2,60,NULL,'2016-09-12 17:18:01'),
	(326,19,40,3,60,NULL,'2016-09-12 17:18:01'),
	(327,19,40,1,80,NULL,'2016-09-12 17:18:01'),
	(328,19,40,2,60,NULL,'2016-09-12 17:18:01'),
	(329,19,40,3,60,NULL,'2016-09-12 17:18:01'),
	(330,19,40,1,80,NULL,'2016-09-12 17:18:01'),
	(331,19,40,2,60,NULL,'2016-09-12 17:18:01'),
	(332,19,40,3,60,NULL,'2016-09-12 17:18:01'),
	(333,19,40,1,80,NULL,'2016-09-12 17:18:01'),
	(334,19,40,2,60,NULL,'2016-09-12 17:18:01'),
	(335,19,40,3,60,NULL,'2016-09-12 17:18:01'),
	(336,19,40,1,80,NULL,'2016-09-12 17:18:02'),
	(337,19,40,2,60,NULL,'2016-09-12 17:18:02'),
	(338,19,40,3,60,NULL,'2016-09-12 17:18:02'),
	(339,19,40,1,80,NULL,'2016-09-12 17:18:02'),
	(340,19,40,2,60,NULL,'2016-09-12 17:18:02'),
	(341,19,40,3,60,NULL,'2016-09-12 17:18:02'),
	(342,19,40,1,80,NULL,'2016-09-12 17:18:02'),
	(343,19,40,2,60,NULL,'2016-09-12 17:18:02'),
	(344,19,40,3,60,NULL,'2016-09-12 17:18:02'),
	(345,47,40,1,35,NULL,'2016-09-12 17:18:03'),
	(346,47,40,2,14,NULL,'2016-09-12 17:18:03'),
	(347,47,40,3,19,NULL,'2016-09-12 17:18:03'),
	(348,56,40,1,72,NULL,'2016-09-12 17:18:07'),
	(349,56,40,2,30,NULL,'2016-09-12 17:18:07'),
	(350,56,40,3,47,NULL,'2016-09-12 17:18:07'),
	(351,52,40,1,49,NULL,'2016-09-12 17:18:07'),
	(352,52,40,2,19,NULL,'2016-09-12 17:18:07'),
	(353,52,40,3,34,NULL,'2016-09-12 17:18:07'),
	(354,56,40,1,72,NULL,'2016-09-12 17:18:07'),
	(355,56,40,2,30,NULL,'2016-09-12 17:18:07'),
	(356,56,40,3,47,NULL,'2016-09-12 17:18:07'),
	(357,56,40,1,72,NULL,'2016-09-12 17:18:08'),
	(358,56,40,2,30,NULL,'2016-09-12 17:18:08'),
	(359,56,40,3,47,NULL,'2016-09-12 17:18:08'),
	(360,52,40,1,49,NULL,'2016-09-12 17:18:08'),
	(361,52,40,2,19,NULL,'2016-09-12 17:18:08'),
	(362,52,40,3,34,NULL,'2016-09-12 17:18:08'),
	(363,52,40,1,49,NULL,'2016-09-12 17:18:08'),
	(364,52,40,2,19,NULL,'2016-09-12 17:18:08'),
	(365,52,40,3,34,NULL,'2016-09-12 17:18:08'),
	(366,29,40,1,65,NULL,'2016-09-12 17:18:09'),
	(367,29,40,2,25,NULL,'2016-09-12 17:18:09'),
	(368,29,40,3,45,NULL,'2016-09-12 17:18:09'),
	(369,52,40,1,49,NULL,'2016-09-12 17:18:10'),
	(370,52,40,2,19,NULL,'2016-09-12 17:18:10'),
	(371,52,40,3,34,NULL,'2016-09-12 17:18:10'),
	(372,22,40,1,57,NULL,'2016-09-12 17:18:11'),
	(373,22,40,2,31,NULL,'2016-09-12 17:18:11'),
	(374,22,40,3,38,NULL,'2016-09-12 17:18:11'),
	(375,20,40,1,47,NULL,'2016-09-12 17:18:11'),
	(376,20,40,2,41,NULL,'2016-09-12 17:18:11'),
	(377,20,40,3,34,NULL,'2016-09-12 17:18:11'),
	(378,32,40,1,66,NULL,'2016-09-12 17:18:12'),
	(379,32,40,2,65,NULL,'2016-09-12 17:18:12'),
	(380,32,40,3,40,NULL,'2016-09-12 17:18:12'),
	(381,29,40,1,65,NULL,'2016-09-12 17:18:21'),
	(382,29,40,2,25,NULL,'2016-09-12 17:18:21'),
	(383,29,40,3,45,NULL,'2016-09-12 17:18:21'),
	(384,21,40,1,52,NULL,'2016-09-12 17:18:29'),
	(385,21,40,2,29,NULL,'2016-09-12 17:18:29'),
	(386,21,40,3,37,NULL,'2016-09-12 17:18:29'),
	(387,20,46,1,100,NULL,'2016-09-12 17:18:30'),
	(388,20,46,2,100,NULL,'2016-09-12 17:18:30'),
	(389,20,46,3,100,NULL,'2016-09-12 17:18:30'),
	(390,41,40,1,75,NULL,'2016-09-12 17:18:41'),
	(391,41,40,2,35,NULL,'2016-09-12 17:18:41'),
	(392,41,40,3,20,NULL,'2016-09-12 17:18:41'),
	(393,28,40,1,65,NULL,'2016-09-12 17:18:47'),
	(394,28,40,2,25,NULL,'2016-09-12 17:18:47'),
	(395,28,40,3,35,NULL,'2016-09-12 17:18:47'),
	(396,38,40,1,80,NULL,'2016-09-12 17:18:48'),
	(397,38,40,2,60,NULL,'2016-09-12 17:18:48'),
	(398,38,40,3,70,NULL,'2016-09-12 17:18:48'),
	(399,22,45,1,50,NULL,'2016-09-12 17:19:01'),
	(400,22,45,2,70,NULL,'2016-09-12 17:19:01'),
	(401,22,45,3,14,NULL,'2016-09-12 17:19:01'),
	(402,33,40,1,80,NULL,'2016-09-12 17:19:06'),
	(403,33,40,2,99,NULL,'2016-09-12 17:19:06'),
	(404,33,40,3,89,NULL,'2016-09-12 17:19:06'),
	(405,54,40,1,44,NULL,'2016-09-12 17:19:15'),
	(406,54,40,2,82,NULL,'2016-09-12 17:19:15'),
	(407,54,40,3,27,NULL,'2016-09-12 17:19:15'),
	(408,17,40,1,59,NULL,'2016-09-12 17:19:31'),
	(409,17,40,2,79,NULL,'2016-09-12 17:19:31'),
	(410,17,40,3,54,NULL,'2016-09-12 17:19:31'),
	(411,43,41,1,100,NULL,'2016-09-12 17:19:39'),
	(412,43,41,2,100,NULL,'2016-09-12 17:19:39'),
	(413,43,41,3,100,NULL,'2016-09-12 17:19:39'),
	(414,43,41,0,1,NULL,'2016-09-12 17:19:39'),
	(415,17,40,1,59,NULL,'2016-09-12 17:19:43'),
	(416,17,40,2,79,NULL,'2016-09-12 17:19:43'),
	(417,17,40,3,54,NULL,'2016-09-12 17:19:43'),
	(418,61,41,1,100,NULL,'2016-09-12 17:19:45'),
	(419,61,41,2,100,NULL,'2016-09-12 17:19:45'),
	(420,61,41,3,100,NULL,'2016-09-12 17:19:45'),
	(421,61,41,0,1,NULL,'2016-09-12 17:19:45'),
	(422,25,40,1,50,NULL,'2016-09-12 17:20:03'),
	(423,25,40,2,50,NULL,'2016-09-12 17:20:03'),
	(424,25,40,3,51,NULL,'2016-09-12 17:20:03'),
	(425,17,40,1,59,NULL,'2016-09-12 17:20:06'),
	(426,17,40,2,79,NULL,'2016-09-12 17:20:06'),
	(427,17,40,3,54,NULL,'2016-09-12 17:20:06'),
	(428,17,40,1,59,NULL,'2016-09-12 17:20:08'),
	(429,17,40,2,79,NULL,'2016-09-12 17:20:08'),
	(430,17,40,3,54,NULL,'2016-09-12 17:20:08'),
	(431,17,40,1,59,NULL,'2016-09-12 17:20:20'),
	(432,17,40,2,79,NULL,'2016-09-12 17:20:20'),
	(433,17,40,3,54,NULL,'2016-09-12 17:20:20'),
	(434,17,40,1,59,NULL,'2016-09-12 17:20:30'),
	(435,17,40,2,79,NULL,'2016-09-12 17:20:30'),
	(436,17,40,3,54,NULL,'2016-09-12 17:20:30'),
	(437,17,40,1,59,NULL,'2016-09-12 17:20:31'),
	(438,17,40,2,79,NULL,'2016-09-12 17:20:31'),
	(439,17,40,3,54,NULL,'2016-09-12 17:20:31'),
	(440,17,40,1,59,NULL,'2016-09-12 17:20:31'),
	(441,17,40,2,79,NULL,'2016-09-12 17:20:31'),
	(442,17,40,3,54,NULL,'2016-09-12 17:20:31'),
	(443,17,40,1,59,NULL,'2016-09-12 17:20:31'),
	(444,17,40,2,79,NULL,'2016-09-12 17:20:31'),
	(445,17,40,3,54,NULL,'2016-09-12 17:20:31'),
	(446,17,40,1,59,NULL,'2016-09-12 17:20:31'),
	(447,17,40,2,79,NULL,'2016-09-12 17:20:31'),
	(448,17,40,3,54,NULL,'2016-09-12 17:20:31'),
	(449,17,40,1,59,NULL,'2016-09-12 17:20:32'),
	(450,17,40,2,79,NULL,'2016-09-12 17:20:32'),
	(451,17,40,3,54,NULL,'2016-09-12 17:20:32'),
	(452,17,40,1,59,NULL,'2016-09-12 17:20:32'),
	(453,17,40,2,79,NULL,'2016-09-12 17:20:32'),
	(454,17,40,3,54,NULL,'2016-09-12 17:20:32'),
	(455,17,40,1,59,NULL,'2016-09-12 17:20:32'),
	(456,17,40,2,79,NULL,'2016-09-12 17:20:32'),
	(457,17,40,3,54,NULL,'2016-09-12 17:20:32'),
	(458,17,40,1,59,NULL,'2016-09-12 17:20:32'),
	(459,17,40,2,79,NULL,'2016-09-12 17:20:32'),
	(460,17,40,3,54,NULL,'2016-09-12 17:20:32'),
	(461,17,40,1,59,NULL,'2016-09-12 17:20:32'),
	(462,17,40,2,79,NULL,'2016-09-12 17:20:32'),
	(463,17,40,3,54,NULL,'2016-09-12 17:20:32'),
	(464,17,40,1,59,NULL,'2016-09-12 17:20:32'),
	(465,17,40,2,79,NULL,'2016-09-12 17:20:32'),
	(466,17,40,3,54,NULL,'2016-09-12 17:20:32'),
	(467,20,41,1,25,NULL,'2016-09-12 17:20:46'),
	(468,20,41,2,23,NULL,'2016-09-12 17:20:46'),
	(469,20,41,3,24,NULL,'2016-09-12 17:20:46'),
	(470,39,41,1,100,NULL,'2016-09-12 17:20:52'),
	(471,39,41,2,100,NULL,'2016-09-12 17:20:52'),
	(472,39,41,3,100,NULL,'2016-09-12 17:20:52'),
	(473,58,40,1,79,NULL,'2016-09-12 17:20:54'),
	(474,58,40,2,63,NULL,'2016-09-12 17:20:54'),
	(475,58,40,3,18,NULL,'2016-09-12 17:20:54'),
	(476,56,41,1,49,NULL,'2016-09-12 17:21:06'),
	(477,56,41,2,14,NULL,'2016-09-12 17:21:06'),
	(478,56,41,3,18,NULL,'2016-09-12 17:21:06'),
	(479,28,41,1,40,NULL,'2016-09-12 17:21:34'),
	(480,28,41,2,30,NULL,'2016-09-12 17:21:34'),
	(481,28,41,3,36,NULL,'2016-09-12 17:21:34'),
	(482,34,41,1,25,NULL,'2016-09-12 17:21:36'),
	(483,34,41,2,100,NULL,'2016-09-12 17:21:36'),
	(484,34,41,3,60,NULL,'2016-09-12 17:21:36'),
	(485,56,41,1,49,NULL,'2016-09-12 17:21:46'),
	(486,56,41,2,28,NULL,'2016-09-12 17:21:46'),
	(487,56,41,3,18,NULL,'2016-09-12 17:21:46'),
	(488,58,41,1,56,NULL,'2016-09-12 17:21:53'),
	(489,58,41,2,76,NULL,'2016-09-12 17:21:53'),
	(490,58,41,3,37,NULL,'2016-09-12 17:21:53'),
	(491,32,41,1,32,NULL,'2016-09-12 17:22:00'),
	(492,32,41,2,78,NULL,'2016-09-12 17:22:00'),
	(493,32,41,3,73,NULL,'2016-09-12 17:22:00'),
	(494,54,41,1,44,NULL,'2016-09-12 17:22:11'),
	(495,54,41,2,81,NULL,'2016-09-12 17:22:11'),
	(496,54,41,3,23,NULL,'2016-09-12 17:22:11'),
	(497,52,41,1,54,NULL,'2016-09-12 17:22:12'),
	(498,52,41,2,88,NULL,'2016-09-12 17:22:12'),
	(499,52,41,3,0,NULL,'2016-09-12 17:22:12'),
	(500,42,41,1,51,NULL,'2016-09-12 17:22:12'),
	(501,42,41,2,50,NULL,'2016-09-12 17:22:12'),
	(502,42,41,3,32,NULL,'2016-09-12 17:22:12'),
	(503,54,41,1,44,NULL,'2016-09-12 17:22:13'),
	(504,54,41,2,81,NULL,'2016-09-12 17:22:13'),
	(505,54,41,3,23,NULL,'2016-09-12 17:22:13'),
	(506,19,41,1,80,NULL,'2016-09-12 17:22:17'),
	(507,19,41,2,30,NULL,'2016-09-12 17:22:17'),
	(508,19,41,3,30,NULL,'2016-09-12 17:22:17'),
	(509,21,41,1,60,NULL,'2016-09-12 17:22:17'),
	(510,21,41,2,90,NULL,'2016-09-12 17:22:17'),
	(511,21,41,3,15,NULL,'2016-09-12 17:22:17'),
	(512,28,41,1,56,NULL,'2016-09-12 17:22:18'),
	(513,28,41,2,30,NULL,'2016-09-12 17:22:18'),
	(514,28,41,3,36,NULL,'2016-09-12 17:22:18'),
	(515,30,41,1,30,NULL,'2016-09-12 17:22:20'),
	(516,30,41,2,80,NULL,'2016-09-12 17:22:20'),
	(517,30,41,3,50,NULL,'2016-09-12 17:22:20'),
	(518,31,41,1,60,NULL,'2016-09-12 17:22:20'),
	(519,31,41,2,50,NULL,'2016-09-12 17:22:20'),
	(520,31,41,3,25,NULL,'2016-09-12 17:22:20'),
	(521,25,41,1,50,NULL,'2016-09-12 17:22:29'),
	(522,25,41,2,70,NULL,'2016-09-12 17:22:29'),
	(523,25,41,3,44,NULL,'2016-09-12 17:22:29'),
	(524,35,41,1,55,NULL,'2016-09-12 17:22:30'),
	(525,35,41,2,56,NULL,'2016-09-12 17:22:30'),
	(526,35,41,3,56,NULL,'2016-09-12 17:22:30'),
	(527,25,41,1,50,NULL,'2016-09-12 17:22:30'),
	(528,25,41,2,70,NULL,'2016-09-12 17:22:30'),
	(529,25,41,3,44,NULL,'2016-09-12 17:22:30'),
	(530,46,41,1,60,NULL,'2016-09-12 17:22:30'),
	(531,46,41,2,60,NULL,'2016-09-12 17:22:30'),
	(532,46,41,3,70,NULL,'2016-09-12 17:22:30'),
	(533,25,41,1,50,NULL,'2016-09-12 17:22:31'),
	(534,25,41,2,70,NULL,'2016-09-12 17:22:31'),
	(535,25,41,3,44,NULL,'2016-09-12 17:22:31'),
	(536,25,41,1,50,NULL,'2016-09-12 17:22:32'),
	(537,25,41,2,70,NULL,'2016-09-12 17:22:32'),
	(538,25,41,3,44,NULL,'2016-09-12 17:22:32'),
	(539,26,41,1,16,NULL,'2016-09-12 17:22:34'),
	(540,26,41,2,93,NULL,'2016-09-12 17:22:34'),
	(541,26,41,3,44,NULL,'2016-09-12 17:22:34'),
	(542,17,41,1,50,NULL,'2016-09-12 17:22:34'),
	(543,17,41,2,60,NULL,'2016-09-12 17:22:34'),
	(544,17,41,3,50,NULL,'2016-09-12 17:22:34'),
	(545,47,41,1,22,NULL,'2016-09-12 17:22:35'),
	(546,47,41,2,73,NULL,'2016-09-12 17:22:35'),
	(547,47,41,3,46,NULL,'2016-09-12 17:22:35'),
	(548,29,41,1,49,NULL,'2016-09-12 17:22:40'),
	(549,29,41,2,48,NULL,'2016-09-12 17:22:40'),
	(550,29,41,3,49,NULL,'2016-09-12 17:22:40'),
	(551,56,41,1,80,NULL,'2016-09-12 17:22:40'),
	(552,56,41,2,45,NULL,'2016-09-12 17:22:40'),
	(553,56,41,3,18,NULL,'2016-09-12 17:22:40'),
	(554,56,41,1,80,NULL,'2016-09-12 17:22:40'),
	(555,56,41,2,45,NULL,'2016-09-12 17:22:40'),
	(556,56,41,3,18,NULL,'2016-09-12 17:22:40'),
	(557,56,41,1,80,NULL,'2016-09-12 17:22:40'),
	(558,56,41,2,45,NULL,'2016-09-12 17:22:40'),
	(559,56,41,3,18,NULL,'2016-09-12 17:22:40'),
	(560,56,41,1,80,NULL,'2016-09-12 17:22:41'),
	(561,56,41,2,45,NULL,'2016-09-12 17:22:41'),
	(562,56,41,3,18,NULL,'2016-09-12 17:22:41'),
	(563,22,41,1,31,NULL,'2016-09-12 17:22:49'),
	(564,22,41,2,82,NULL,'2016-09-12 17:22:49'),
	(565,22,41,3,6,NULL,'2016-09-12 17:22:49'),
	(566,22,41,1,31,NULL,'2016-09-12 17:22:52'),
	(567,22,41,2,82,NULL,'2016-09-12 17:22:52'),
	(568,22,41,3,6,NULL,'2016-09-12 17:22:52'),
	(569,57,40,1,100,NULL,'2016-09-12 17:22:53'),
	(570,57,40,2,100,NULL,'2016-09-12 17:22:53'),
	(571,57,40,3,100,NULL,'2016-09-12 17:22:53'),
	(572,63,40,1,52,NULL,'2016-09-12 17:22:55'),
	(573,63,40,2,51,NULL,'2016-09-12 17:22:55'),
	(574,63,40,3,51,NULL,'2016-09-12 17:22:55'),
	(575,63,40,1,52,NULL,'2016-09-12 17:22:55'),
	(576,63,40,2,51,NULL,'2016-09-12 17:22:55'),
	(577,63,40,3,51,NULL,'2016-09-12 17:22:55'),
	(578,63,40,1,52,NULL,'2016-09-12 17:22:57'),
	(579,63,40,2,51,NULL,'2016-09-12 17:22:57'),
	(580,63,40,3,51,NULL,'2016-09-12 17:22:57'),
	(581,10,46,1,25,NULL,'2016-09-12 17:23:04'),
	(582,10,46,2,24,NULL,'2016-09-12 17:23:04'),
	(583,10,46,3,24,NULL,'2016-09-12 17:23:04'),
	(584,57,41,1,86,NULL,'2016-09-12 17:23:06'),
	(585,57,41,2,66,NULL,'2016-09-12 17:23:06'),
	(586,57,41,3,57,NULL,'2016-09-12 17:23:06'),
	(587,10,45,1,25,NULL,'2016-09-12 17:23:06'),
	(588,10,45,2,24,NULL,'2016-09-12 17:23:06'),
	(589,10,45,3,23,NULL,'2016-09-12 17:23:06'),
	(590,10,44,1,25,NULL,'2016-09-12 17:23:08'),
	(591,10,44,2,23,NULL,'2016-09-12 17:23:08'),
	(592,10,44,3,26,NULL,'2016-09-12 17:23:08'),
	(593,55,41,1,85,NULL,'2016-09-12 17:23:09'),
	(594,55,41,2,60,NULL,'2016-09-12 17:23:09'),
	(595,55,41,3,70,NULL,'2016-09-12 17:23:09'),
	(596,10,43,1,22,NULL,'2016-09-12 17:23:10'),
	(597,10,43,2,28,NULL,'2016-09-12 17:23:10'),
	(598,10,43,3,26,NULL,'2016-09-12 17:23:10'),
	(599,10,42,1,47,NULL,'2016-09-12 17:23:13'),
	(600,10,42,2,42,NULL,'2016-09-12 17:23:13'),
	(601,10,42,3,41,NULL,'2016-09-12 17:23:13'),
	(602,63,41,1,62,NULL,'2016-09-12 17:23:22'),
	(603,63,41,2,73,NULL,'2016-09-12 17:23:22'),
	(604,63,41,3,73,NULL,'2016-09-12 17:23:22'),
	(605,61,40,1,73,NULL,'2016-09-12 17:23:39'),
	(606,61,40,2,30,NULL,'2016-09-12 17:23:39'),
	(607,61,40,3,50,NULL,'2016-09-12 17:23:39'),
	(608,41,41,1,60,NULL,'2016-09-12 17:23:44'),
	(609,41,41,2,80,NULL,'2016-09-12 17:23:44'),
	(610,41,41,3,75,NULL,'2016-09-12 17:23:44'),
	(611,38,41,1,95,NULL,'2016-09-12 17:23:45'),
	(612,38,41,2,90,NULL,'2016-09-12 17:23:45'),
	(613,38,41,3,100,NULL,'2016-09-12 17:23:45'),
	(614,28,44,1,65,NULL,'2016-09-12 17:23:55'),
	(615,28,44,2,80,NULL,'2016-09-12 17:23:55'),
	(616,28,44,3,55,NULL,'2016-09-12 17:23:55'),
	(617,31,44,1,75,NULL,'2016-09-12 17:24:01'),
	(618,31,44,2,75,NULL,'2016-09-12 17:24:01'),
	(619,31,44,3,70,NULL,'2016-09-12 17:24:01'),
	(620,56,44,1,39,NULL,'2016-09-12 17:24:15'),
	(621,56,44,2,87,NULL,'2016-09-12 17:24:15'),
	(622,56,44,3,89,NULL,'2016-09-12 17:24:15'),
	(623,56,44,1,39,NULL,'2016-09-12 17:24:15'),
	(624,56,44,2,87,NULL,'2016-09-12 17:24:15'),
	(625,56,44,3,89,NULL,'2016-09-12 17:24:15'),
	(626,56,44,1,39,NULL,'2016-09-12 17:24:15'),
	(627,56,44,2,87,NULL,'2016-09-12 17:24:15'),
	(628,56,44,3,89,NULL,'2016-09-12 17:24:15'),
	(629,25,42,1,60,NULL,'2016-09-12 17:24:29'),
	(630,25,42,2,70,NULL,'2016-09-12 17:24:29'),
	(631,25,42,3,61,NULL,'2016-09-12 17:24:29'),
	(632,43,44,1,40,NULL,'2016-09-12 17:24:32'),
	(633,43,44,2,60,NULL,'2016-09-12 17:24:32'),
	(634,43,44,3,30,NULL,'2016-09-12 17:24:32'),
	(635,17,44,1,80,NULL,'2016-09-12 17:24:43'),
	(636,17,44,2,80,NULL,'2016-09-12 17:24:43'),
	(637,17,44,3,80,NULL,'2016-09-12 17:24:43'),
	(638,55,44,1,10,NULL,'2016-09-12 17:24:57'),
	(639,55,44,2,90,NULL,'2016-09-12 17:24:57'),
	(640,55,44,3,60,NULL,'2016-09-12 17:24:57'),
	(641,42,44,1,44,NULL,'2016-09-12 17:24:58'),
	(642,42,44,2,39,NULL,'2016-09-12 17:24:58'),
	(643,42,44,3,60,NULL,'2016-09-12 17:24:58'),
	(644,39,44,1,13,NULL,'2016-09-12 17:25:09'),
	(645,39,44,2,94,NULL,'2016-09-12 17:25:09'),
	(646,39,44,3,95,NULL,'2016-09-12 17:25:09'),
	(647,18,44,1,40,NULL,'2016-09-12 17:25:33'),
	(648,18,44,2,75,NULL,'2016-09-12 17:25:33'),
	(649,18,44,3,60,NULL,'2016-09-12 17:25:33'),
	(650,63,44,1,42,NULL,'2016-09-12 17:25:36'),
	(651,63,44,2,76,NULL,'2016-09-12 17:25:36'),
	(652,63,44,3,73,NULL,'2016-09-12 17:25:36'),
	(653,29,44,1,50,NULL,'2016-09-12 17:25:50'),
	(654,29,44,2,50,NULL,'2016-09-12 17:25:50'),
	(655,29,44,3,40,NULL,'2016-09-12 17:25:50'),
	(656,27,40,1,46,NULL,'2016-09-12 17:25:51'),
	(657,27,40,2,17,NULL,'2016-09-12 17:25:51'),
	(658,27,40,3,33,NULL,'2016-09-12 17:25:51'),
	(659,27,40,1,46,NULL,'2016-09-12 17:25:53'),
	(660,27,40,2,17,NULL,'2016-09-12 17:25:53'),
	(661,27,40,3,33,NULL,'2016-09-12 17:25:53'),
	(662,27,40,1,46,NULL,'2016-09-12 17:25:53'),
	(663,27,40,2,17,NULL,'2016-09-12 17:25:53'),
	(664,27,40,3,33,NULL,'2016-09-12 17:25:53'),
	(665,26,44,1,27,NULL,'2016-09-12 17:25:54'),
	(666,26,44,2,77,NULL,'2016-09-12 17:25:54'),
	(667,26,44,3,52,NULL,'2016-09-12 17:25:54'),
	(668,34,44,1,25,NULL,'2016-09-12 17:25:56'),
	(669,34,44,2,70,NULL,'2016-09-12 17:25:56'),
	(670,34,44,3,20,NULL,'2016-09-12 17:25:56'),
	(671,27,40,1,46,NULL,'2016-09-12 17:25:57'),
	(672,27,40,2,17,NULL,'2016-09-12 17:25:57'),
	(673,27,40,3,33,NULL,'2016-09-12 17:25:57'),
	(674,30,44,1,25,NULL,'2016-09-12 17:25:57'),
	(675,30,44,2,70,NULL,'2016-09-12 17:25:57'),
	(676,30,44,3,70,NULL,'2016-09-12 17:25:57'),
	(677,27,40,1,46,NULL,'2016-09-12 17:25:58'),
	(678,27,40,2,17,NULL,'2016-09-12 17:25:58'),
	(679,27,40,3,33,NULL,'2016-09-12 17:25:58'),
	(680,33,44,1,70,NULL,'2016-09-12 17:26:03'),
	(681,33,44,2,60,NULL,'2016-09-12 17:26:03'),
	(682,33,44,3,65,NULL,'2016-09-12 17:26:03'),
	(683,58,44,1,20,NULL,'2016-09-12 17:26:06'),
	(684,58,44,2,30,NULL,'2016-09-12 17:26:06'),
	(685,58,44,3,72,NULL,'2016-09-12 17:26:06'),
	(686,46,44,1,85,NULL,'2016-09-12 17:26:07'),
	(687,46,44,2,70,NULL,'2016-09-12 17:26:07'),
	(688,46,44,3,70,NULL,'2016-09-12 17:26:07'),
	(689,19,44,1,10,NULL,'2016-09-12 17:26:07'),
	(690,19,44,2,60,NULL,'2016-09-12 17:26:07'),
	(691,19,44,3,80,NULL,'2016-09-12 17:26:07'),
	(692,41,45,1,50,NULL,'2016-09-12 17:26:08'),
	(693,41,45,2,80,NULL,'2016-09-12 17:26:08'),
	(694,41,45,3,50,NULL,'2016-09-12 17:26:08'),
	(695,27,44,1,68,NULL,'2016-09-12 17:26:10'),
	(696,27,44,2,59,NULL,'2016-09-12 17:26:10'),
	(697,27,44,3,22,NULL,'2016-09-12 17:26:10'),
	(698,52,44,1,31,NULL,'2016-09-12 17:26:11'),
	(699,52,44,2,56,NULL,'2016-09-12 17:26:11'),
	(700,52,44,3,33,NULL,'2016-09-12 17:26:11'),
	(701,25,44,1,50,NULL,'2016-09-12 17:26:13'),
	(702,25,44,2,73,NULL,'2016-09-12 17:26:13'),
	(703,25,44,3,54,NULL,'2016-09-12 17:26:13'),
	(704,61,44,1,45,NULL,'2016-09-12 17:26:13'),
	(705,61,44,2,95,NULL,'2016-09-12 17:26:13'),
	(706,61,44,3,45,NULL,'2016-09-12 17:26:13'),
	(707,21,44,1,70,NULL,'2016-09-12 17:26:14'),
	(708,21,44,2,70,NULL,'2016-09-12 17:26:14'),
	(709,21,44,3,35,NULL,'2016-09-12 17:26:14'),
	(710,35,42,1,45,NULL,'2016-09-12 17:26:14'),
	(711,35,42,2,44,NULL,'2016-09-12 17:26:14'),
	(712,35,42,3,45,NULL,'2016-09-12 17:26:14'),
	(713,61,44,1,45,NULL,'2016-09-12 17:26:16'),
	(714,61,44,2,95,NULL,'2016-09-12 17:26:16'),
	(715,61,44,3,45,NULL,'2016-09-12 17:26:16'),
	(716,54,44,1,57,NULL,'2016-09-12 17:26:17'),
	(717,54,44,2,85,NULL,'2016-09-12 17:26:17'),
	(718,54,44,3,60,NULL,'2016-09-12 17:26:17'),
	(719,61,44,1,45,NULL,'2016-09-12 17:26:19'),
	(720,61,44,2,95,NULL,'2016-09-12 17:26:19'),
	(721,61,44,3,45,NULL,'2016-09-12 17:26:19'),
	(722,27,41,1,23,NULL,'2016-09-12 17:26:27'),
	(723,27,41,2,35,NULL,'2016-09-12 17:26:27'),
	(724,27,41,3,18,NULL,'2016-09-12 17:26:27'),
	(725,18,44,1,35,NULL,'2016-09-12 17:26:38'),
	(726,18,44,2,75,NULL,'2016-09-12 17:26:38'),
	(727,18,44,3,60,NULL,'2016-09-12 17:26:38'),
	(728,39,44,1,13,NULL,'2016-09-12 17:26:41'),
	(729,39,44,2,94,NULL,'2016-09-12 17:26:41'),
	(730,39,44,3,95,NULL,'2016-09-12 17:26:41'),
	(731,20,44,1,15,NULL,'2016-09-12 17:26:56'),
	(732,20,44,2,50,NULL,'2016-09-12 17:26:56'),
	(733,20,44,3,12,NULL,'2016-09-12 17:26:56'),
	(734,22,44,1,28,NULL,'2016-09-12 17:27:01'),
	(735,22,44,2,82,NULL,'2016-09-12 17:27:01'),
	(736,22,44,3,22,NULL,'2016-09-12 17:27:01'),
	(737,57,44,1,17,NULL,'2016-09-12 17:27:02'),
	(738,57,44,2,84,NULL,'2016-09-12 17:27:02'),
	(739,57,44,3,56,NULL,'2016-09-12 17:27:02'),
	(740,57,44,1,17,NULL,'2016-09-12 17:27:08'),
	(741,57,44,2,84,NULL,'2016-09-12 17:27:08'),
	(742,57,44,3,56,NULL,'2016-09-12 17:27:08'),
	(743,47,44,1,3,NULL,'2016-09-12 17:27:10'),
	(744,47,44,2,2,NULL,'2016-09-12 17:27:10'),
	(745,47,44,3,1,NULL,'2016-09-12 17:27:10'),
	(746,38,44,1,20,NULL,'2016-09-12 17:27:14'),
	(747,38,44,2,90,NULL,'2016-09-12 17:27:14'),
	(748,38,44,3,85,NULL,'2016-09-12 17:27:14'),
	(749,52,44,1,31,NULL,'2016-09-12 17:28:04'),
	(750,52,44,2,56,NULL,'2016-09-12 17:28:04'),
	(751,52,44,3,33,NULL,'2016-09-12 17:28:04'),
	(752,35,46,1,94,NULL,'2016-09-12 17:28:28'),
	(753,35,46,2,94,NULL,'2016-09-12 17:28:28'),
	(754,35,46,3,95,NULL,'2016-09-12 17:28:28'),
	(755,42,46,1,98,NULL,'2016-09-12 17:29:38'),
	(756,42,46,2,16,NULL,'2016-09-12 17:29:38'),
	(757,42,46,3,37,NULL,'2016-09-12 17:29:38'),
	(758,17,46,1,70,NULL,'2016-09-12 17:29:39'),
	(759,17,46,2,51,NULL,'2016-09-12 17:29:39'),
	(760,17,46,3,28,NULL,'2016-09-12 17:29:39'),
	(761,28,46,1,55,NULL,'2016-09-12 17:29:39'),
	(762,28,46,2,30,NULL,'2016-09-12 17:29:39'),
	(763,28,46,3,25,NULL,'2016-09-12 17:29:39'),
	(764,39,46,1,84,NULL,'2016-09-12 17:29:41'),
	(765,39,46,2,21,NULL,'2016-09-12 17:29:41'),
	(766,39,46,3,61,NULL,'2016-09-12 17:29:41'),
	(767,56,46,1,22,NULL,'2016-09-12 17:29:43'),
	(768,56,46,2,56,NULL,'2016-09-12 17:29:43'),
	(769,56,46,3,56,NULL,'2016-09-12 17:29:43'),
	(770,56,46,1,22,NULL,'2016-09-12 17:29:44'),
	(771,56,46,2,56,NULL,'2016-09-12 17:29:44'),
	(772,56,46,3,56,NULL,'2016-09-12 17:29:44'),
	(773,56,46,1,22,NULL,'2016-09-12 17:29:44'),
	(774,56,46,2,56,NULL,'2016-09-12 17:29:44'),
	(775,56,46,3,56,NULL,'2016-09-12 17:29:44'),
	(776,39,46,1,84,NULL,'2016-09-12 17:29:44'),
	(777,39,46,2,21,NULL,'2016-09-12 17:29:44'),
	(778,39,46,3,50,NULL,'2016-09-12 17:29:44'),
	(779,33,46,1,75,NULL,'2016-09-12 17:29:46'),
	(780,33,46,2,65,NULL,'2016-09-12 17:29:46'),
	(781,33,46,3,56,NULL,'2016-09-12 17:29:46'),
	(782,61,46,1,66,NULL,'2016-09-12 17:29:46'),
	(783,61,46,2,86,NULL,'2016-09-12 17:29:46'),
	(784,61,46,3,85,NULL,'2016-09-12 17:29:46'),
	(785,31,46,1,70,NULL,'2016-09-12 17:29:46'),
	(786,31,46,2,40,NULL,'2016-09-12 17:29:46'),
	(787,31,46,3,20,NULL,'2016-09-12 17:29:46'),
	(788,34,46,1,15,NULL,'2016-09-12 17:30:03'),
	(789,34,46,2,16,NULL,'2016-09-12 17:30:03'),
	(790,34,46,3,20,NULL,'2016-09-12 17:30:03'),
	(791,38,46,1,80,NULL,'2016-09-12 17:30:07'),
	(792,38,46,2,30,NULL,'2016-09-12 17:30:07'),
	(793,38,46,3,55,NULL,'2016-09-12 17:30:07'),
	(794,20,46,1,100,NULL,'2016-09-12 17:30:11'),
	(795,20,46,2,100,NULL,'2016-09-12 17:30:11'),
	(796,20,46,3,100,NULL,'2016-09-12 17:30:11'),
	(797,30,46,1,90,NULL,'2016-09-12 17:30:14'),
	(798,30,46,2,50,NULL,'2016-09-12 17:30:14'),
	(799,30,46,3,10,NULL,'2016-09-12 17:30:14'),
	(800,29,46,1,70,NULL,'2016-09-12 17:30:15'),
	(801,29,46,2,46,NULL,'2016-09-12 17:30:15'),
	(802,29,46,3,50,NULL,'2016-09-12 17:30:15'),
	(803,25,46,1,100,NULL,'2016-09-12 17:30:17'),
	(804,25,46,2,100,NULL,'2016-09-12 17:30:17'),
	(805,25,46,3,100,NULL,'2016-09-12 17:30:17'),
	(806,26,46,1,100,NULL,'2016-09-12 17:30:18'),
	(807,26,46,2,100,NULL,'2016-09-12 17:30:18'),
	(808,26,46,3,100,NULL,'2016-09-12 17:30:18'),
	(809,18,46,1,35,NULL,'2016-09-12 17:30:23'),
	(810,18,46,2,50,NULL,'2016-09-12 17:30:23'),
	(811,18,46,3,50,NULL,'2016-09-12 17:30:23'),
	(812,43,46,1,70,NULL,'2016-09-12 17:30:25'),
	(813,43,46,2,50,NULL,'2016-09-12 17:30:25'),
	(814,43,46,3,40,NULL,'2016-09-12 17:30:25'),
	(815,54,46,1,90,NULL,'2016-09-12 17:30:25'),
	(816,54,46,2,76,NULL,'2016-09-12 17:30:25'),
	(817,54,46,3,88,NULL,'2016-09-12 17:30:25'),
	(818,27,46,1,75,NULL,'2016-09-12 17:30:26'),
	(819,27,46,2,26,NULL,'2016-09-12 17:30:26'),
	(820,27,46,3,68,NULL,'2016-09-12 17:30:26'),
	(821,57,46,1,80,NULL,'2016-09-12 17:30:27'),
	(822,57,46,2,64,NULL,'2016-09-12 17:30:27'),
	(823,57,46,3,47,NULL,'2016-09-12 17:30:27'),
	(824,46,46,1,92,NULL,'2016-09-12 17:30:34'),
	(825,46,46,2,81,NULL,'2016-09-12 17:30:34'),
	(826,46,46,3,72,NULL,'2016-09-12 17:30:34'),
	(827,19,46,1,60,NULL,'2016-09-12 17:30:40'),
	(828,19,46,2,50,NULL,'2016-09-12 17:30:40'),
	(829,19,46,3,40,NULL,'2016-09-12 17:30:40'),
	(830,46,46,1,100,NULL,'2016-09-12 17:30:47'),
	(831,46,46,2,64,NULL,'2016-09-12 17:30:47'),
	(832,46,46,3,73,NULL,'2016-09-12 17:30:47'),
	(833,55,46,1,70,NULL,'2016-09-12 17:30:47'),
	(834,55,46,2,60,NULL,'2016-09-12 17:30:47'),
	(835,55,46,3,78,NULL,'2016-09-12 17:30:47'),
	(836,63,46,1,72,NULL,'2016-09-12 17:30:54'),
	(837,63,46,2,71,NULL,'2016-09-12 17:30:54'),
	(838,63,46,3,68,NULL,'2016-09-12 17:30:54'),
	(839,46,46,1,100,NULL,'2016-09-12 17:31:00'),
	(840,46,46,2,64,NULL,'2016-09-12 17:31:00'),
	(841,46,46,3,73,NULL,'2016-09-12 17:31:00'),
	(842,46,46,0,1,NULL,'2016-09-12 17:31:00'),
	(843,56,46,1,22,NULL,'2016-09-12 17:31:06'),
	(844,56,46,2,56,NULL,'2016-09-12 17:31:06'),
	(845,56,46,3,56,NULL,'2016-09-12 17:31:06'),
	(846,56,46,1,22,NULL,'2016-09-12 17:31:06'),
	(847,56,46,2,56,NULL,'2016-09-12 17:31:06'),
	(848,56,46,3,56,NULL,'2016-09-12 17:31:06'),
	(849,56,46,1,22,NULL,'2016-09-12 17:31:06'),
	(850,56,46,2,56,NULL,'2016-09-12 17:31:06'),
	(851,56,46,3,56,NULL,'2016-09-12 17:31:06'),
	(852,27,47,1,87,NULL,'2016-09-12 17:31:08'),
	(853,27,47,2,93,NULL,'2016-09-12 17:31:08'),
	(854,27,47,3,84,NULL,'2016-09-12 17:31:08'),
	(855,54,46,1,95,NULL,'2016-09-12 17:31:11'),
	(856,54,46,2,88,NULL,'2016-09-12 17:31:11'),
	(857,54,46,3,95,NULL,'2016-09-12 17:31:11'),
	(858,54,46,0,1,NULL,'2016-09-12 17:31:11'),
	(859,56,46,1,22,NULL,'2016-09-12 17:31:17'),
	(860,56,46,2,56,NULL,'2016-09-12 17:31:17'),
	(861,56,46,3,56,NULL,'2016-09-12 17:31:17'),
	(862,56,46,1,22,NULL,'2016-09-12 17:31:17'),
	(863,56,46,2,56,NULL,'2016-09-12 17:31:17'),
	(864,56,46,3,56,NULL,'2016-09-12 17:31:17'),
	(865,41,46,1,60,NULL,'2016-09-12 17:31:20'),
	(866,41,46,2,50,NULL,'2016-09-12 17:31:20'),
	(867,41,46,3,25,NULL,'2016-09-12 17:31:20'),
	(868,54,46,1,95,NULL,'2016-09-12 17:31:23'),
	(869,54,46,2,88,NULL,'2016-09-12 17:31:23'),
	(870,54,46,3,95,NULL,'2016-09-12 17:31:23'),
	(871,54,46,0,1,NULL,'2016-09-12 17:31:23'),
	(872,22,46,1,100,NULL,'2016-09-12 17:31:25'),
	(873,22,46,2,100,NULL,'2016-09-12 17:31:25'),
	(874,22,46,3,100,NULL,'2016-09-12 17:31:25'),
	(875,46,47,1,5,NULL,'2016-09-12 17:32:16'),
	(876,46,47,2,100,NULL,'2016-09-12 17:32:16'),
	(877,46,47,3,62,NULL,'2016-09-12 17:32:16'),
	(878,41,47,1,80,NULL,'2016-09-12 17:32:42'),
	(879,41,47,2,75,NULL,'2016-09-12 17:32:42'),
	(880,41,47,3,75,NULL,'2016-09-12 17:32:42'),
	(881,41,47,0,1,NULL,'2016-09-12 17:32:42'),
	(882,56,47,1,67,NULL,'2016-09-12 17:33:02'),
	(883,56,47,2,43,NULL,'2016-09-12 17:33:02'),
	(884,56,47,3,48,NULL,'2016-09-12 17:33:02'),
	(885,56,47,1,67,NULL,'2016-09-12 17:33:02'),
	(886,56,47,2,43,NULL,'2016-09-12 17:33:02'),
	(887,56,47,3,48,NULL,'2016-09-12 17:33:02'),
	(888,56,47,1,67,NULL,'2016-09-12 17:33:02'),
	(889,56,47,2,43,NULL,'2016-09-12 17:33:02'),
	(890,56,47,3,48,NULL,'2016-09-12 17:33:02'),
	(891,42,47,1,96,NULL,'2016-09-12 17:33:35'),
	(892,42,47,2,2,NULL,'2016-09-12 17:33:35'),
	(893,42,47,3,2,NULL,'2016-09-12 17:33:35'),
	(894,39,47,1,88,NULL,'2016-09-12 17:33:42'),
	(895,39,47,2,75,NULL,'2016-09-12 17:33:42'),
	(896,39,47,3,38,NULL,'2016-09-12 17:33:42'),
	(897,56,47,1,67,NULL,'2016-09-12 17:33:42'),
	(898,56,47,2,43,NULL,'2016-09-12 17:33:42'),
	(899,56,47,3,48,NULL,'2016-09-12 17:33:42'),
	(900,52,47,1,25,NULL,'2016-09-12 17:33:42'),
	(901,52,47,2,37,NULL,'2016-09-12 17:33:42'),
	(902,52,47,3,44,NULL,'2016-09-12 17:33:42'),
	(903,35,47,1,98,NULL,'2016-09-12 17:34:02'),
	(904,35,47,2,98,NULL,'2016-09-12 17:34:02'),
	(905,35,47,3,99,NULL,'2016-09-12 17:34:02'),
	(906,34,47,1,24,NULL,'2016-09-12 17:34:03'),
	(907,34,47,2,36,NULL,'2016-09-12 17:34:03'),
	(908,34,47,3,35,NULL,'2016-09-12 17:34:03'),
	(909,25,47,1,73,NULL,'2016-09-12 17:34:06'),
	(910,25,47,2,82,NULL,'2016-09-12 17:34:06'),
	(911,25,47,3,82,NULL,'2016-09-12 17:34:06'),
	(912,63,47,1,96,NULL,'2016-09-12 17:34:42'),
	(913,63,47,2,96,NULL,'2016-09-12 17:34:42'),
	(914,63,47,3,97,NULL,'2016-09-12 17:34:42'),
	(915,63,47,1,96,NULL,'2016-09-12 17:34:45'),
	(916,63,47,2,96,NULL,'2016-09-12 17:34:45'),
	(917,63,47,3,97,NULL,'2016-09-12 17:34:45'),
	(918,28,47,1,96,NULL,'2016-09-12 17:34:59'),
	(919,28,47,2,96,NULL,'2016-09-12 17:34:59'),
	(920,28,47,3,96,NULL,'2016-09-12 17:34:59'),
	(921,28,47,0,1,NULL,'2016-09-12 17:34:59'),
	(922,33,47,1,80,NULL,'2016-09-12 17:35:10'),
	(923,33,47,2,43,NULL,'2016-09-12 17:35:10'),
	(924,33,47,3,52,NULL,'2016-09-12 17:35:10'),
	(925,39,47,1,88,NULL,'2016-09-12 17:35:12'),
	(926,39,47,2,75,NULL,'2016-09-12 17:35:12'),
	(927,39,47,3,38,NULL,'2016-09-12 17:35:12'),
	(928,46,47,1,59,NULL,'2016-09-12 17:35:13'),
	(929,46,47,2,100,NULL,'2016-09-12 17:35:13'),
	(930,46,47,3,62,NULL,'2016-09-12 17:35:13'),
	(931,54,47,1,73,NULL,'2016-09-12 17:35:17'),
	(932,54,47,2,72,NULL,'2016-09-12 17:35:17'),
	(933,54,47,3,52,NULL,'2016-09-12 17:35:17'),
	(934,30,47,1,80,NULL,'2016-09-12 17:35:18'),
	(935,30,47,2,82,NULL,'2016-09-12 17:35:18'),
	(936,30,47,3,81,NULL,'2016-09-12 17:35:18'),
	(937,57,47,1,83,NULL,'2016-09-12 17:35:18'),
	(938,57,47,2,86,NULL,'2016-09-12 17:35:18'),
	(939,57,47,3,66,NULL,'2016-09-12 17:35:18'),
	(940,37,47,1,87,NULL,'2016-09-12 17:35:19'),
	(941,37,47,2,88,NULL,'2016-09-12 17:35:19'),
	(942,37,47,3,100,NULL,'2016-09-12 17:35:19'),
	(943,57,47,1,83,NULL,'2016-09-12 17:35:20'),
	(944,57,47,2,86,NULL,'2016-09-12 17:35:20'),
	(945,57,47,3,66,NULL,'2016-09-12 17:35:20'),
	(946,27,47,1,87,NULL,'2016-09-12 17:35:21'),
	(947,27,47,2,82,NULL,'2016-09-12 17:35:21'),
	(948,27,47,3,84,NULL,'2016-09-12 17:35:21'),
	(949,38,47,1,80,NULL,'2016-09-12 17:35:22'),
	(950,38,47,2,20,NULL,'2016-09-12 17:35:22'),
	(951,38,47,3,20,NULL,'2016-09-12 17:35:22'),
	(952,37,47,1,87,NULL,'2016-09-12 17:35:24'),
	(953,37,47,2,88,NULL,'2016-09-12 17:35:24'),
	(954,37,47,3,100,NULL,'2016-09-12 17:35:24'),
	(955,37,47,0,1,NULL,'2016-09-12 17:35:24'),
	(956,29,47,1,80,NULL,'2016-09-12 17:35:24'),
	(957,29,47,2,80,NULL,'2016-09-12 17:35:24'),
	(958,29,47,3,80,NULL,'2016-09-12 17:35:24'),
	(959,29,47,0,1,NULL,'2016-09-12 17:35:24'),
	(960,43,47,1,2,NULL,'2016-09-12 17:35:25'),
	(961,43,47,2,40,NULL,'2016-09-12 17:35:25'),
	(962,43,47,3,20,NULL,'2016-09-12 17:35:25'),
	(963,18,47,1,40,NULL,'2016-09-12 17:35:26'),
	(964,18,47,2,75,NULL,'2016-09-12 17:35:26'),
	(965,18,47,3,60,NULL,'2016-09-12 17:35:26'),
	(966,61,47,1,82,NULL,'2016-09-12 17:35:27'),
	(967,61,47,2,74,NULL,'2016-09-12 17:35:27'),
	(968,61,47,3,86,NULL,'2016-09-12 17:35:27'),
	(969,19,47,1,80,NULL,'2016-09-12 17:35:27'),
	(970,19,47,2,70,NULL,'2016-09-12 17:35:27'),
	(971,19,47,3,0,NULL,'2016-09-12 17:35:27'),
	(972,22,47,1,32,NULL,'2016-09-12 17:35:28'),
	(973,22,47,2,86,NULL,'2016-09-12 17:35:28'),
	(974,22,47,3,29,NULL,'2016-09-12 17:35:28'),
	(975,52,47,1,35,NULL,'2016-09-12 17:35:29'),
	(976,52,47,2,11,NULL,'2016-09-12 17:35:29'),
	(977,52,47,3,44,NULL,'2016-09-12 17:35:29'),
	(978,26,47,1,97,NULL,'2016-09-12 17:35:30'),
	(979,26,47,2,96,NULL,'2016-09-12 17:35:30'),
	(980,26,47,3,83,NULL,'2016-09-12 17:35:30'),
	(981,55,47,1,67,NULL,'2016-09-12 17:35:30'),
	(982,55,47,2,86,NULL,'2016-09-12 17:35:30'),
	(983,55,47,3,0,NULL,'2016-09-12 17:35:30'),
	(984,30,47,1,80,NULL,'2016-09-12 17:35:31'),
	(985,30,47,2,82,NULL,'2016-09-12 17:35:31'),
	(986,30,47,3,81,NULL,'2016-09-12 17:35:31'),
	(987,41,47,1,80,NULL,'2016-09-12 17:35:36'),
	(988,41,47,2,75,NULL,'2016-09-12 17:35:36'),
	(989,41,47,3,75,NULL,'2016-09-12 17:35:36'),
	(990,41,47,0,1,NULL,'2016-09-12 17:35:36'),
	(991,28,47,1,80,NULL,'2016-09-12 17:35:43'),
	(992,28,47,2,80,NULL,'2016-09-12 17:35:43'),
	(993,28,47,3,80,NULL,'2016-09-12 17:35:43'),
	(994,28,47,0,1,NULL,'2016-09-12 17:35:43'),
	(995,31,47,1,100,NULL,'2016-09-12 17:35:48'),
	(996,31,47,2,100,NULL,'2016-09-12 17:35:48'),
	(997,31,47,3,100,NULL,'2016-09-12 17:35:48'),
	(998,47,47,1,33,NULL,'2016-09-12 17:35:51'),
	(999,47,47,2,82,NULL,'2016-09-12 17:35:51'),
	(1000,47,47,3,61,NULL,'2016-09-12 17:35:51'),
	(1001,20,47,1,61,NULL,'2016-09-12 17:35:52'),
	(1002,20,47,2,53,NULL,'2016-09-12 17:35:52'),
	(1003,20,47,3,45,NULL,'2016-09-12 17:35:52'),
	(1004,58,46,1,67,NULL,'2016-09-12 17:35:59'),
	(1005,58,46,2,32,NULL,'2016-09-12 17:35:59'),
	(1006,58,46,3,39,NULL,'2016-09-12 17:35:59'),
	(1007,58,47,1,64,NULL,'2016-09-12 17:36:09'),
	(1008,58,47,2,73,NULL,'2016-09-12 17:36:09'),
	(1009,58,47,3,76,NULL,'2016-09-12 17:36:09'),
	(1010,17,47,1,85,NULL,'2016-09-12 17:36:11'),
	(1011,17,47,2,90,NULL,'2016-09-12 17:36:11'),
	(1012,17,47,3,71,NULL,'2016-09-12 17:36:11'),
	(1013,27,43,1,88,NULL,'2016-09-12 17:36:43'),
	(1014,27,43,2,16,NULL,'2016-09-12 17:36:43'),
	(1015,27,43,3,48,NULL,'2016-09-12 17:36:43'),
	(1016,32,43,1,66,NULL,'2016-09-12 17:36:54'),
	(1017,32,43,2,75,NULL,'2016-09-12 17:36:54'),
	(1018,32,43,3,22,NULL,'2016-09-12 17:36:54'),
	(1019,43,43,1,20,NULL,'2016-09-12 17:37:06'),
	(1020,43,43,2,15,NULL,'2016-09-12 17:37:06'),
	(1021,43,43,3,30,NULL,'2016-09-12 17:37:06'),
	(1022,33,43,1,89,NULL,'2016-09-12 17:37:14'),
	(1023,33,43,2,64,NULL,'2016-09-12 17:37:14'),
	(1024,33,43,3,81,NULL,'2016-09-12 17:37:14'),
	(1025,31,43,1,60,NULL,'2016-09-12 17:37:15'),
	(1026,31,43,2,25,NULL,'2016-09-12 17:37:15'),
	(1027,31,43,3,25,NULL,'2016-09-12 17:37:15'),
	(1028,33,42,1,53,NULL,'2016-09-12 17:37:19'),
	(1029,33,42,2,55,NULL,'2016-09-12 17:37:19'),
	(1030,33,42,3,70,NULL,'2016-09-12 17:37:19'),
	(1031,39,43,1,53,NULL,'2016-09-12 17:37:32'),
	(1032,39,43,2,13,NULL,'2016-09-12 17:37:32'),
	(1033,39,43,3,38,NULL,'2016-09-12 17:37:32'),
	(1034,35,43,1,47,NULL,'2016-09-12 17:37:33'),
	(1035,35,43,2,46,NULL,'2016-09-12 17:37:33'),
	(1036,35,43,3,48,NULL,'2016-09-12 17:37:33'),
	(1037,28,43,1,47,NULL,'2016-09-12 17:37:41'),
	(1038,28,43,2,49,NULL,'2016-09-12 17:37:41'),
	(1039,28,43,3,40,NULL,'2016-09-12 17:37:41'),
	(1040,35,43,1,47,NULL,'2016-09-12 17:37:43'),
	(1041,35,43,2,46,NULL,'2016-09-12 17:37:43'),
	(1042,35,43,3,48,NULL,'2016-09-12 17:37:43'),
	(1043,42,43,1,82,NULL,'2016-09-12 17:37:56'),
	(1044,42,43,2,6,NULL,'2016-09-12 17:37:56'),
	(1045,42,43,3,54,NULL,'2016-09-12 17:37:56'),
	(1046,20,43,1,50,NULL,'2016-09-12 17:37:57'),
	(1047,20,43,2,50,NULL,'2016-09-12 17:37:57'),
	(1048,20,43,3,50,NULL,'2016-09-12 17:37:57'),
	(1049,31,47,1,100,NULL,'2016-09-12 17:37:58'),
	(1050,31,47,2,100,NULL,'2016-09-12 17:37:58'),
	(1051,31,47,3,100,NULL,'2016-09-12 17:37:58'),
	(1052,31,47,0,1,NULL,'2016-09-12 17:37:58'),
	(1053,20,43,1,50,NULL,'2016-09-12 17:37:59'),
	(1054,20,43,2,50,NULL,'2016-09-12 17:37:59'),
	(1055,20,43,3,50,NULL,'2016-09-12 17:37:59'),
	(1056,58,43,1,40,NULL,'2016-09-12 17:38:10'),
	(1057,58,43,2,21,NULL,'2016-09-12 17:38:10'),
	(1058,58,43,3,18,NULL,'2016-09-12 17:38:10'),
	(1059,34,43,1,20,NULL,'2016-09-12 17:38:11'),
	(1060,34,43,2,30,NULL,'2016-09-12 17:38:11'),
	(1061,34,43,3,34,NULL,'2016-09-12 17:38:11'),
	(1062,30,43,1,25,NULL,'2016-09-12 17:38:12'),
	(1063,30,43,2,40,NULL,'2016-09-12 17:38:12'),
	(1064,30,43,3,40,NULL,'2016-09-12 17:38:12'),
	(1065,18,43,1,25,NULL,'2016-09-12 17:38:21'),
	(1066,18,43,2,40,NULL,'2016-09-12 17:38:21'),
	(1067,18,43,3,40,NULL,'2016-09-12 17:38:21'),
	(1068,18,43,1,25,NULL,'2016-09-12 17:38:24'),
	(1069,18,43,2,40,NULL,'2016-09-12 17:38:24'),
	(1070,18,43,3,40,NULL,'2016-09-12 17:38:24'),
	(1071,52,43,1,35,NULL,'2016-09-12 17:38:29'),
	(1072,52,43,2,34,NULL,'2016-09-12 17:38:29'),
	(1073,52,43,3,35,NULL,'2016-09-12 17:38:29'),
	(1074,34,43,1,20,NULL,'2016-09-12 17:38:33'),
	(1075,34,43,2,30,NULL,'2016-09-12 17:38:33'),
	(1076,34,43,3,34,NULL,'2016-09-12 17:38:33'),
	(1077,29,43,1,45,NULL,'2016-09-12 17:38:45'),
	(1078,29,43,2,25,NULL,'2016-09-12 17:38:45'),
	(1079,29,43,3,35,NULL,'2016-09-12 17:38:45'),
	(1080,52,43,1,35,NULL,'2016-09-12 17:38:54'),
	(1081,52,43,2,34,NULL,'2016-09-12 17:38:54'),
	(1082,52,43,3,35,NULL,'2016-09-12 17:38:54'),
	(1083,54,43,1,64,NULL,'2016-09-12 17:38:58'),
	(1084,54,43,2,47,NULL,'2016-09-12 17:38:58'),
	(1085,54,43,3,52,NULL,'2016-09-12 17:38:58'),
	(1086,17,43,1,69,NULL,'2016-09-12 17:38:59'),
	(1087,17,43,2,14,NULL,'2016-09-12 17:38:59'),
	(1088,17,43,3,10,NULL,'2016-09-12 17:38:59'),
	(1089,17,43,1,69,NULL,'2016-09-12 17:38:59'),
	(1090,17,43,2,14,NULL,'2016-09-12 17:38:59'),
	(1091,17,43,3,10,NULL,'2016-09-12 17:38:59'),
	(1092,31,45,1,0,NULL,'2016-09-12 17:38:59'),
	(1093,31,45,2,0,NULL,'2016-09-12 17:38:59'),
	(1094,31,45,3,0,NULL,'2016-09-12 17:38:59'),
	(1095,57,43,1,79,NULL,'2016-09-12 17:39:00'),
	(1096,57,43,2,38,NULL,'2016-09-12 17:39:00'),
	(1097,57,43,3,58,NULL,'2016-09-12 17:39:00'),
	(1098,46,42,1,74,NULL,'2016-09-12 17:39:02'),
	(1099,46,42,2,3,NULL,'2016-09-12 17:39:02'),
	(1100,46,42,3,1,NULL,'2016-09-12 17:39:02'),
	(1101,26,43,1,14,NULL,'2016-09-12 17:39:03'),
	(1102,26,43,2,19,NULL,'2016-09-12 17:39:03'),
	(1103,26,43,3,21,NULL,'2016-09-12 17:39:03'),
	(1104,56,43,1,57,NULL,'2016-09-12 17:39:18'),
	(1105,56,43,2,32,NULL,'2016-09-12 17:39:18'),
	(1106,56,43,3,46,NULL,'2016-09-12 17:39:18'),
	(1107,63,43,1,64,NULL,'2016-09-12 17:39:20'),
	(1108,63,43,2,86,NULL,'2016-09-12 17:39:20'),
	(1109,63,43,3,69,NULL,'2016-09-12 17:39:20'),
	(1110,56,43,1,57,NULL,'2016-09-12 17:39:22'),
	(1111,56,43,2,32,NULL,'2016-09-12 17:39:22'),
	(1112,56,43,3,46,NULL,'2016-09-12 17:39:22'),
	(1113,56,43,1,57,NULL,'2016-09-12 17:39:22'),
	(1114,56,43,2,32,NULL,'2016-09-12 17:39:22'),
	(1115,56,43,3,46,NULL,'2016-09-12 17:39:22'),
	(1116,56,43,1,57,NULL,'2016-09-12 17:39:22'),
	(1117,56,43,2,32,NULL,'2016-09-12 17:39:22'),
	(1118,56,43,3,46,NULL,'2016-09-12 17:39:22'),
	(1119,41,43,1,70,NULL,'2016-09-12 17:39:23'),
	(1120,41,43,2,50,NULL,'2016-09-12 17:39:23'),
	(1121,41,43,3,40,NULL,'2016-09-12 17:39:23'),
	(1122,46,43,1,66,NULL,'2016-09-12 17:39:25'),
	(1123,46,43,2,5,NULL,'2016-09-12 17:39:25'),
	(1124,46,43,3,1,NULL,'2016-09-12 17:39:25'),
	(1125,38,43,1,85,NULL,'2016-09-12 17:39:26'),
	(1126,38,43,2,25,NULL,'2016-09-12 17:39:26'),
	(1127,38,43,3,45,NULL,'2016-09-12 17:39:26'),
	(1128,35,45,1,44,NULL,'2016-09-12 17:39:26'),
	(1129,35,45,2,44,NULL,'2016-09-12 17:39:26'),
	(1130,35,45,3,44,NULL,'2016-09-12 17:39:26'),
	(1131,25,43,1,54,NULL,'2016-09-12 17:39:30'),
	(1132,25,43,2,12,NULL,'2016-09-12 17:39:30'),
	(1133,25,43,3,53,NULL,'2016-09-12 17:39:30'),
	(1134,52,42,1,96,NULL,'2016-09-12 17:39:33'),
	(1135,52,42,2,99,NULL,'2016-09-12 17:39:33'),
	(1136,52,42,3,100,NULL,'2016-09-12 17:39:33'),
	(1137,35,44,1,58,NULL,'2016-09-12 17:39:35'),
	(1138,35,44,2,58,NULL,'2016-09-12 17:39:35'),
	(1139,35,44,3,58,NULL,'2016-09-12 17:39:35'),
	(1140,56,42,1,100,NULL,'2016-09-12 17:39:45'),
	(1141,56,42,2,100,NULL,'2016-09-12 17:39:45'),
	(1142,56,42,3,100,NULL,'2016-09-12 17:39:45'),
	(1143,56,42,1,100,NULL,'2016-09-12 17:39:48'),
	(1144,56,42,2,100,NULL,'2016-09-12 17:39:48'),
	(1145,56,42,3,100,NULL,'2016-09-12 17:39:48'),
	(1146,56,42,1,100,NULL,'2016-09-12 17:39:48'),
	(1147,56,42,2,100,NULL,'2016-09-12 17:39:48'),
	(1148,56,42,3,100,NULL,'2016-09-12 17:39:48'),
	(1149,56,42,1,100,NULL,'2016-09-12 17:39:48'),
	(1150,56,42,2,100,NULL,'2016-09-12 17:39:48'),
	(1151,56,42,3,100,NULL,'2016-09-12 17:39:48'),
	(1152,31,42,1,90,NULL,'2016-09-12 17:40:01'),
	(1153,31,42,2,85,NULL,'2016-09-12 17:40:01'),
	(1154,31,42,3,65,NULL,'2016-09-12 17:40:01'),
	(1155,27,42,1,93,NULL,'2016-09-12 17:40:04'),
	(1156,27,42,2,58,NULL,'2016-09-12 17:40:04'),
	(1157,27,42,3,44,NULL,'2016-09-12 17:40:04'),
	(1158,46,42,1,70,NULL,'2016-09-12 17:40:07'),
	(1159,46,42,2,80,NULL,'2016-09-12 17:40:07'),
	(1160,46,42,3,72,NULL,'2016-09-12 17:40:07'),
	(1161,28,42,1,71,NULL,'2016-09-12 17:40:16'),
	(1162,28,42,2,60,NULL,'2016-09-12 17:40:16'),
	(1163,28,42,3,43,NULL,'2016-09-12 17:40:16'),
	(1164,31,42,1,90,NULL,'2016-09-12 17:40:21'),
	(1165,31,42,2,85,NULL,'2016-09-12 17:40:21'),
	(1166,31,42,3,50,NULL,'2016-09-12 17:40:21'),
	(1167,30,42,1,90,NULL,'2016-09-12 17:40:23'),
	(1168,30,42,2,50,NULL,'2016-09-12 17:40:23'),
	(1169,30,42,3,5,NULL,'2016-09-12 17:40:23'),
	(1170,39,42,1,59,NULL,'2016-09-12 17:40:25'),
	(1171,39,42,2,59,NULL,'2016-09-12 17:40:25'),
	(1172,39,42,3,31,NULL,'2016-09-12 17:40:25'),
	(1173,34,42,1,10,NULL,'2016-09-12 17:40:25'),
	(1174,34,42,2,66,NULL,'2016-09-12 17:40:25'),
	(1175,34,42,3,19,NULL,'2016-09-12 17:40:25'),
	(1176,35,42,1,45,NULL,'2016-09-12 17:40:25'),
	(1177,35,42,2,44,NULL,'2016-09-12 17:40:25'),
	(1178,35,42,3,45,NULL,'2016-09-12 17:40:25'),
	(1179,52,42,1,100,NULL,'2016-09-12 17:40:32'),
	(1180,52,42,2,100,NULL,'2016-09-12 17:40:32'),
	(1181,52,42,3,100,NULL,'2016-09-12 17:40:32'),
	(1182,52,42,1,100,NULL,'2016-09-12 17:40:33'),
	(1183,52,42,2,100,NULL,'2016-09-12 17:40:33'),
	(1184,52,42,3,100,NULL,'2016-09-12 17:40:33'),
	(1185,43,42,1,70,NULL,'2016-09-12 17:40:36'),
	(1186,43,42,2,55,NULL,'2016-09-12 17:40:36'),
	(1187,43,42,3,40,NULL,'2016-09-12 17:40:36'),
	(1188,39,42,1,64,NULL,'2016-09-12 17:40:39'),
	(1189,39,42,2,59,NULL,'2016-09-12 17:40:39'),
	(1190,39,42,3,31,NULL,'2016-09-12 17:40:39'),
	(1191,39,42,1,64,NULL,'2016-09-12 17:40:39'),
	(1192,39,42,2,59,NULL,'2016-09-12 17:40:39'),
	(1193,39,42,3,31,NULL,'2016-09-12 17:40:39'),
	(1194,18,42,1,55,NULL,'2016-09-12 17:40:43'),
	(1195,18,42,2,60,NULL,'2016-09-12 17:40:43'),
	(1196,18,42,3,50,NULL,'2016-09-12 17:40:43'),
	(1197,29,42,1,70,NULL,'2016-09-12 17:40:47'),
	(1198,29,42,2,60,NULL,'2016-09-12 17:40:47'),
	(1199,29,42,3,65,NULL,'2016-09-12 17:40:47'),
	(1200,63,42,1,61,NULL,'2016-09-12 17:40:50'),
	(1201,63,42,2,88,NULL,'2016-09-12 17:40:50'),
	(1202,63,42,3,43,NULL,'2016-09-12 17:40:50'),
	(1203,63,42,1,61,NULL,'2016-09-12 17:40:50'),
	(1204,63,42,2,88,NULL,'2016-09-12 17:40:50'),
	(1205,63,42,3,43,NULL,'2016-09-12 17:40:50'),
	(1206,42,42,1,2,NULL,'2016-09-12 17:40:51'),
	(1207,42,42,2,91,NULL,'2016-09-12 17:40:51'),
	(1208,42,42,3,3,NULL,'2016-09-12 17:40:51'),
	(1209,38,42,1,75,NULL,'2016-09-12 17:40:52'),
	(1210,38,42,2,75,NULL,'2016-09-12 17:40:52'),
	(1211,38,42,3,50,NULL,'2016-09-12 17:40:52'),
	(1212,32,42,1,37,NULL,'2016-09-12 17:40:56'),
	(1213,32,42,2,82,NULL,'2016-09-12 17:40:56'),
	(1214,32,42,3,69,NULL,'2016-09-12 17:40:56'),
	(1215,28,44,1,65,NULL,'2016-09-12 17:40:56'),
	(1216,28,44,2,80,NULL,'2016-09-12 17:40:56'),
	(1217,28,44,3,35,NULL,'2016-09-12 17:40:56'),
	(1218,20,42,1,46,NULL,'2016-09-12 17:41:02'),
	(1219,20,42,2,46,NULL,'2016-09-12 17:41:02'),
	(1220,20,42,3,47,NULL,'2016-09-12 17:41:02'),
	(1221,54,42,1,70,NULL,'2016-09-12 17:41:05'),
	(1222,54,42,2,89,NULL,'2016-09-12 17:41:05'),
	(1223,54,42,3,37,NULL,'2016-09-12 17:41:05'),
	(1224,26,42,1,96,NULL,'2016-09-12 17:41:16'),
	(1225,26,42,2,95,NULL,'2016-09-12 17:41:16'),
	(1226,26,42,3,50,NULL,'2016-09-12 17:41:16'),
	(1227,29,45,1,1,NULL,'2016-09-12 17:41:24'),
	(1228,29,45,2,1,NULL,'2016-09-12 17:41:24'),
	(1229,29,45,3,1,NULL,'2016-09-12 17:41:24'),
	(1230,47,42,1,54,NULL,'2016-09-12 17:41:27'),
	(1231,47,42,2,58,NULL,'2016-09-12 17:41:27'),
	(1232,47,42,3,49,NULL,'2016-09-12 17:41:27'),
	(1233,17,42,1,26,NULL,'2016-09-12 17:42:02'),
	(1234,17,42,2,33,NULL,'2016-09-12 17:42:02'),
	(1235,17,42,3,34,NULL,'2016-09-12 17:42:02'),
	(1236,57,42,1,63,NULL,'2016-09-12 17:42:03'),
	(1237,57,42,2,72,NULL,'2016-09-12 17:42:03'),
	(1238,57,42,3,79,NULL,'2016-09-12 17:42:03'),
	(1239,32,47,1,21,NULL,'2016-09-12 17:42:04'),
	(1240,32,47,2,90,NULL,'2016-09-12 17:42:04'),
	(1241,32,47,3,49,NULL,'2016-09-12 17:42:04'),
	(1242,47,43,1,32,NULL,'2016-09-12 17:42:34'),
	(1243,47,43,2,20,NULL,'2016-09-12 17:42:34'),
	(1244,47,43,3,40,NULL,'2016-09-12 17:42:34'),
	(1245,55,43,1,57,NULL,'2016-09-12 17:42:44'),
	(1246,55,43,2,70,NULL,'2016-09-12 17:42:44'),
	(1247,55,43,3,66,NULL,'2016-09-12 17:42:44'),
	(1248,55,42,1,41,NULL,'2016-09-12 17:42:54'),
	(1249,55,42,2,49,NULL,'2016-09-12 17:42:54'),
	(1250,55,42,3,56,NULL,'2016-09-12 17:42:54'),
	(1251,41,42,1,50,NULL,'2016-09-12 18:00:58'),
	(1252,41,42,2,85,NULL,'2016-09-12 18:00:58'),
	(1253,41,42,3,15,NULL,'2016-09-12 18:00:58');

/*!40000 ALTER TABLE `annotation` ENABLE KEYS */;
UNLOCK TABLES;


# Dump of table columnname
# ------------------------------------------------------------

DROP TABLE IF EXISTS `columnname`;

CREATE TABLE `columnname` (
  `id` int(11) NOT NULL AUTO_INCREMENT,
  `seance_id` int(11) NOT NULL,
  `position` int(11) NOT NULL,
  `title` text NOT NULL,
  `datecreation` timestamp NOT NULL DEFAULT CURRENT_TIMESTAMP,
  PRIMARY KEY (`id`),
  KEY `table_id` (`seance_id`),
  CONSTRAINT `columnname_ibfk_1` FOREIGN KEY (`seance_id`) REFERENCES `seance` (`id`)
) ENGINE=InnoDB DEFAULT CHARSET=utf8;

LOCK TABLES `columnname` WRITE;
/*!40000 ALTER TABLE `columnname` DISABLE KEYS */;

INSERT INTO `columnname` (`id`, `seance_id`, `position`, `title`, `datecreation`)
VALUES
	(0,2,0,'Personnel soignant','2016-05-27 16:37:03'),
	(1,2,1,'Patients et familles des patients','2016-05-27 16:36:52'),
	(2,2,2,'Btiments','2016-05-27 16:36:26'),
	(3,2,3,'Machines de soin','2016-05-30 16:17:19'),
	(4,2,4,'Autres','2016-05-30 17:57:44'),
	(6,2,-1,'Utilisateurs','2016-06-01 15:15:12'),
	(7,3,-1,'artefacts','2016-09-12 11:11:36'),
	(8,3,0,'le cendrier','2016-09-12 11:11:36');

/*!40000 ALTER TABLE `columnname` ENABLE KEYS */;
UNLOCK TABLES;


# Dump of table criteria
# ------------------------------------------------------------

DROP TABLE IF EXISTS `criteria`;

CREATE TABLE `criteria` (
  `id` int(11) NOT NULL,
  `description` text NOT NULL,
  `type` enum('numeric','boolean') NOT NULL,
  `multiple` tinyint(1) DEFAULT '0',
  PRIMARY KEY (`id`)
) ENGINE=InnoDB DEFAULT CHARSET=utf8;

LOCK TABLES `criteria` WRITE;
/*!40000 ALTER TABLE `criteria` DISABLE KEYS */;

INSERT INTO `criteria` (`id`, `description`, `type`, `multiple`)
VALUES
	(0,'interested','boolean',0),
	(1,'originalit','numeric',0),
	(2,'Faisabilit','numeric',0),
	(3,'Potentialit','numeric',0),
	(4,'comment','numeric',1);

/*!40000 ALTER TABLE `criteria` ENABLE KEYS */;
UNLOCK TABLES;


# Dump of table lien
# ------------------------------------------------------------

DROP TABLE IF EXISTS `lien`;

CREATE TABLE `lien` (
  `Message_id_parent` int(11) NOT NULL,
  `Message_id_children` int(11) NOT NULL,
  `datecreation` datetime DEFAULT CURRENT_TIMESTAMP,
  PRIMARY KEY (`Message_id_parent`,`Message_id_children`),
  KEY `fk_Message_has_Message_Message2_idx` (`Message_id_children`),
  KEY `fk_Message_has_Message_Message1_idx` (`Message_id_parent`),
  CONSTRAINT `fk_Message_has_Message_Message1` FOREIGN KEY (`Message_id_parent`) REFERENCES `message` (`id`) ON DELETE NO ACTION ON UPDATE NO ACTION,
  CONSTRAINT `fk_Message_has_Message_Message2` FOREIGN KEY (`Message_id_children`) REFERENCES `message` (`id`) ON DELETE NO ACTION ON UPDATE NO ACTION
) ENGINE=InnoDB DEFAULT CHARSET=utf8;



# Dump of table message
# ------------------------------------------------------------

DROP TABLE IF EXISTS `message`;

CREATE TABLE `message` (
  `id` int(11) NOT NULL AUTO_INCREMENT,
  `participation_id` int(11) NOT NULL,
  `text` text NOT NULL,
  `column_id` int(11) NOT NULL,
  `row_id` int(11) NOT NULL,
  `datecreation` datetime DEFAULT CURRENT_TIMESTAMP,
  `datemodification` timestamp NOT NULL DEFAULT CURRENT_TIMESTAMP ON UPDATE CURRENT_TIMESTAMP,
  PRIMARY KEY (`id`),
  KEY `fk_Message_participation1_idx` (`participation_id`),
  CONSTRAINT `fk_Message_participation1` FOREIGN KEY (`participation_id`) REFERENCES `participation` (`id`) ON DELETE NO ACTION ON UPDATE NO ACTION
) ENGINE=InnoDB DEFAULT CHARSET=utf8;

LOCK TABLES `message` WRITE;
/*!40000 ALTER TABLE `message` DISABLE KEYS */;

INSERT INTO `message` (`id`, `participation_id`, `text`, `column_id`, `row_id`, `datecreation`, `datemodification`)
VALUES
	(1,1,'message1',1,1,'2016-03-07 16:41:52','2016-05-26 17:30:46'),
	(2,1,'message2',2,1,'2016-03-07 16:41:52','2016-05-26 17:30:46'),
	(3,10,'Mon premier message',0,0,'2016-05-26 11:59:13','2016-05-26 15:06:04'),
	(4,15,'Ide du sicle',2,1,'2016-05-26 11:59:38','2016-05-26 17:30:58'),
	(5,15,'Ide du sicle ',0,0,'2016-05-26 11:59:58','2016-05-26 15:06:04'),
	(6,15,'Ide du sicle',2,0,'2016-05-26 12:02:10','2016-05-26 17:30:26'),
	(7,15,'Ide du sicle',0,2,'2016-05-26 12:02:15','2016-05-26 17:30:54'),
	(8,15,'Ide du sicle',0,1,'2016-05-26 12:02:19','2016-05-26 17:30:42'),
	(9,15,'Leubi ',1,0,'2016-05-26 12:02:28','2016-05-26 17:30:33'),
	(10,15,'Coucou ',0,1,'2016-05-26 12:02:35','2016-05-26 17:30:43'),
	(11,10,'Mon premier message',0,2,'2016-05-26 12:20:44','2016-05-26 17:30:50'),
	(12,10,'Dimitri last idea\r\n',0,0,'2016-05-26 14:54:24','2016-05-26 15:06:04'),
	(13,10,'nouvel idea',0,2,'2016-05-26 15:13:45','2016-05-26 17:30:52'),
	(14,21,'idea',0,0,'2016-05-26 15:23:52','2016-05-26 15:23:52'),
	(15,10,'Information sur les chambres qui ont besoin d\'attention',2,0,'2016-05-26 16:30:38','2016-06-06 14:41:01'),
	(16,10,'ide n5\r\n',2,1,'2016-05-26 16:33:05','2016-05-26 17:30:44'),
	(17,10,'ide n6\r\n',1,0,'2016-05-26 16:34:41','2016-05-26 17:30:37'),
	(18,10,'ide n7\r\n',0,2,'2016-05-26 16:36:03','2016-05-26 17:31:03'),
	(21,10,'ma nouvelle idee',0,0,'2016-05-26 18:00:47','2016-05-26 18:00:47'),
	(23,10,'ide 1 1 ',1,1,'2016-05-27 15:23:34','2016-05-27 15:23:34'),
	(24,10,'Composant du prsent',1,2,'2016-05-27 17:14:09','2016-05-27 17:14:09'),
	(25,10,'Nouvelle ide',0,1,'2016-05-27 17:40:01','2016-05-27 17:40:01'),
	(26,10,'L\'idee gnial de l\'objet du futur',2,1,'2016-05-27 17:41:27','2016-05-27 17:41:27'),
	(27,10,'Tablettes li-fi en libre service dans les salles d\'attentes',2,0,'2016-05-27 18:03:07','2016-06-06 14:39:26'),
	(28,10,'ide futur simple',3,0,'2016-05-30 16:43:28','2016-05-30 16:43:28'),
	(29,10,'Innover l\"hopital, avec des ssupper batiment',2,4,'2016-05-31 17:20:42','2016-05-31 17:20:42'),
	(30,10,'Perso soignant, respecter les normes',0,3,'2016-05-31 17:22:38','2016-05-31 17:22:38'),
	(34,10,'Ma nouvelle ide est super bien mais elle est vraiment trs trs longue et chiante en vrai il faudrait qu\'elle rentre petitpapa noel j\'ai plus d\'idee ',0,1,'2016-06-02 11:39:08','2016-06-02 11:39:08'),
	(35,41,'Installer des bornes dans les couloirs ',2,0,'2016-06-06 14:08:14','2016-06-06 14:08:14'),
	(36,41,'Transmettre directement les chographie par ultrasons',3,1,'2016-06-06 14:36:32','2016-06-06 14:36:32'),
	(37,41,'Ide n 14590',1,0,'2016-06-09 11:32:00','2016-06-09 11:32:00'),
	(40,56,'Nous proposons un cendrier nouvelle gnration connect. Le principe est simple,rcompenser le fumeur lorsqu\'il jette son mgot de cigarette dans le cendrier et non par terre. Soucieux de l\'environnement, nergie renouvelable et facile  trouver via golocalisation.',8,9,'2016-09-12 16:52:35','2016-09-12 16:52:35'),
	(41,55,'Un cendrier permettant de recueillir l\'ensemble des mgots afin de reverser une somme  une association caritative (Recherche contre le cancer ou autre). Par tranche de 1000 mgots, 1 serait revers  cette association. Affichage numrique pour observer la somme acquise, les mgots restants. Poubelle  proximit pour recevoir les paquets de cigarette utiliss. Source de revenue : emplacement publicitaire pour les compagnies intresses.',8,9,'2016-09-12 16:52:47','2016-09-12 16:52:47'),
	(42,58,'Cendrier grand format (poubelle) reprsentant une caricature d\'une personne connue, relle ou fictive. Un mcanisme de pdale permet d\'ouvrir la bouche de la caricature (essentiellement pour les bars, botes de nuit, concert, ventuellement muse Grvin).\r\n\r\nGroupe : GUGLIERI, MIFSUD, RENON, PASCO, JAMROZIK, JOLY, GUIS',8,11,'2016-09-12 16:59:56','2016-09-12 16:59:56'),
	(43,62,'cendrier dans parc d\'attraction ou autre. Chaque mgot mis donne argent pour association. toit avec lumire chauffante et panneau solaire',8,13,'2016-09-12 17:02:40','2016-09-12 17:02:40'),
	(44,54,'Cendrier adaptable sur tlsige auquel chaque passager peut accder. Le rservoir se vide  chaque monte des passagers. Ce cendrier sert aussi de poubelle.',8,12,'2016-09-12 17:05:45','2016-09-12 17:05:45'),
	(45,54,'Cendrier adaptable sur tlsige auquel chaque passager peut accder. Le rservoir se vide  chaque monte des passagers. Ce cendrier sert aussi de poubelle.',8,12,'2016-09-12 17:05:45','2016-09-12 17:05:45'),
	(46,59,'Cendrier ludique incitant les fumeurs  jeter leurs mgots dans le cendrier. Le systme comprend 3 trous suivi de trois partie tubulaire en plexis glace qui permettront de guider les mgots au bout. Un signal lumineux indiquera le gagnant. ',8,9,'2016-09-12 17:06:11','2016-09-12 17:06:11'),
	(47,68,'Cendrier Ecologique Portatif sur consigne  l\'ffigie de lieux populaires, rduisant l\'impact cologique de la cigarette.',8,11,'2016-09-12 17:13:41','2016-09-12 17:13:41');

/*!40000 ALTER TABLE `message` ENABLE KEYS */;
UNLOCK TABLES;


# Dump of table participation
# ------------------------------------------------------------

DROP TABLE IF EXISTS `participation`;

CREATE TABLE `participation` (
  `id` int(11) NOT NULL AUTO_INCREMENT,
  `user_id` int(11) NOT NULL,
  `seance_id` int(11) NOT NULL,
  `datecreation` datetime DEFAULT CURRENT_TIMESTAMP,
  `lastLogin` timestamp NOT NULL DEFAULT CURRENT_TIMESTAMP ON UPDATE CURRENT_TIMESTAMP,
  PRIMARY KEY (`id`),
  UNIQUE KEY `seance_id` (`seance_id`,`user_id`),
  KEY `fk_user_has_seance_seance1_idx` (`seance_id`),
  KEY `fk_user_has_seance_user_idx` (`user_id`),
  CONSTRAINT `fk_user_has_seance_seance1` FOREIGN KEY (`seance_id`) REFERENCES `seance` (`id`) ON DELETE NO ACTION ON UPDATE NO ACTION,
  CONSTRAINT `fk_user_has_seance_user` FOREIGN KEY (`user_id`) REFERENCES `user` (`id`) ON DELETE NO ACTION ON UPDATE NO ACTION
) ENGINE=InnoDB DEFAULT CHARSET=utf8;

LOCK TABLES `participation` WRITE;
/*!40000 ALTER TABLE `participation` DISABLE KEYS */;

INSERT INTO `participation` (`id`, `user_id`, `seance_id`, `datecreation`, `lastLogin`)
VALUES
	(1,1,1,'2016-03-07 16:41:33','2016-05-26 14:51:59'),
	(10,3,2,'2016-05-26 11:47:19','2016-09-12 10:44:17'),
	(15,9,1,'2016-05-26 11:59:34','2016-09-14 18:37:14'),
	(18,3,1,'2016-05-26 14:53:38','2016-05-31 16:35:34'),
	(21,8,2,'2016-05-26 15:23:46','2016-05-26 15:23:46'),
	(41,1,2,'2016-06-06 14:04:31','2016-06-08 14:38:09'),
	(51,10,3,'2016-09-12 14:45:53','2016-09-12 16:55:09'),
	(52,3,3,'2016-09-12 15:31:48','2016-09-19 09:30:16'),
	(54,17,3,'2016-09-12 16:42:34','2016-09-12 17:02:00'),
	(55,18,3,'2016-09-12 16:48:57','2016-09-12 16:48:57'),
	(56,19,3,'2016-09-12 16:49:20','2016-09-12 16:49:20'),
	(57,20,3,'2016-09-12 16:54:07','2016-09-12 16:54:07'),
	(58,21,3,'2016-09-12 16:54:13','2016-09-12 16:54:13'),
	(59,22,3,'2016-09-12 16:54:38','2016-09-12 16:54:38'),
	(62,23,3,'2016-09-12 17:00:29','2016-09-12 17:00:29'),
	(64,24,1,'2016-09-12 17:03:09','2016-09-12 17:03:09'),
	(65,25,1,'2016-09-12 17:06:13','2016-09-12 17:13:24'),
	(66,26,1,'2016-09-12 17:06:31','2016-09-12 17:16:11'),
	(67,27,3,'2016-09-12 17:06:50','2016-09-12 17:25:15'),
	(68,28,3,'2016-09-12 17:07:09','2016-09-12 17:07:09'),
	(69,29,3,'2016-09-12 17:07:34','2016-09-12 17:07:34'),
	(70,30,3,'2016-09-12 17:08:03','2016-09-12 17:10:11'),
	(71,31,1,'2016-09-12 17:08:07','2016-09-12 17:08:07'),
	(72,32,3,'2016-09-12 17:08:08','2016-09-12 17:08:08'),
	(73,33,1,'2016-09-12 17:08:42','2016-09-12 17:08:42'),
	(74,34,3,'2016-09-12 17:08:48','2016-09-12 17:08:48'),
	(75,35,3,'2016-09-12 17:09:02','2016-09-12 17:09:23'),
	(76,36,3,'2016-09-12 17:09:09','2016-09-12 17:09:30'),
	(77,33,3,'2016-09-12 17:09:13','2016-09-12 17:09:35'),
	(81,37,1,'2016-09-12 17:09:43','2016-09-12 17:19:54'),
	(82,38,3,'2016-09-12 17:09:46','2016-09-12 17:09:46'),
	(83,39,3,'2016-09-12 17:09:52','2016-09-12 17:09:52'),
	(85,40,1,'2016-09-12 17:10:16','2016-09-12 17:10:16'),
	(86,41,3,'2016-09-12 17:10:18','2016-09-12 17:10:18'),
	(87,42,3,'2016-09-12 17:10:30','2016-09-12 17:10:30'),
	(88,43,3,'2016-09-12 17:10:44','2016-09-12 17:10:44'),
	(89,24,3,'2016-09-12 17:10:54','2016-09-12 17:10:54'),
	(90,40,3,'2016-09-12 17:10:57','2016-09-12 17:10:57'),
	(91,31,3,'2016-09-12 17:11:06','2016-09-12 17:11:06'),
	(92,44,3,'2016-09-12 17:11:12','2016-09-12 17:11:12'),
	(93,45,1,'2016-09-12 17:11:20','2016-09-12 17:11:20'),
	(94,46,3,'2016-09-12 17:11:22','2016-09-12 17:11:22'),
	(95,47,3,'2016-09-12 17:11:50','2016-09-12 17:11:50'),
	(96,48,1,'2016-09-12 17:12:02','2016-09-12 17:19:24'),
	(97,49,1,'2016-09-12 17:12:52','2016-09-12 17:18:09'),
	(98,50,3,'2016-09-12 17:13:00','2016-09-12 17:13:00'),
	(100,51,3,'2016-09-12 17:13:59','2016-09-12 17:13:59'),
	(101,52,3,'2016-09-12 17:14:14','2016-09-12 17:14:14'),
	(102,27,1,'2016-09-12 17:14:14','2016-09-12 17:23:22'),
	(103,53,1,'2016-09-12 17:14:34','2016-09-12 17:14:34'),
	(105,54,3,'2016-09-12 17:14:58','2016-09-12 17:14:58'),
	(106,55,3,'2016-09-12 17:15:24','2016-09-12 17:15:24'),
	(107,56,3,'2016-09-12 17:15:24','2016-09-12 17:15:24'),
	(108,57,3,'2016-09-12 17:15:24','2016-09-12 17:15:24'),
	(110,58,1,'2016-09-12 17:16:13','2016-09-12 17:16:13'),
	(111,59,1,'2016-09-12 17:16:25','2016-09-12 17:24:10'),
	(112,60,1,'2016-09-12 17:16:30','2016-09-12 17:16:30'),
	(114,26,3,'2016-09-12 17:16:51','2016-09-12 17:16:51'),
	(116,61,3,'2016-09-12 17:18:17','2016-09-12 17:18:17'),
	(118,62,1,'2016-09-12 17:19:22','2016-09-12 17:19:22'),
	(120,25,3,'2016-09-12 17:19:30','2016-09-12 17:19:30'),
	(122,58,3,'2016-09-12 17:20:22','2016-09-12 17:20:22'),
	(123,63,3,'2016-09-12 17:20:24','2016-09-12 17:20:24'),
	(125,64,3,'2016-09-12 17:23:37','2016-09-12 17:23:37'),
	(126,65,1,'2016-09-12 17:23:50','2016-09-12 17:23:50'),
	(128,66,1,'2016-09-12 17:24:29','2016-09-12 17:24:29'),
	(130,67,1,'2016-09-12 17:28:53','2016-09-12 17:28:53'),
	(131,37,3,'2016-09-12 17:29:32','2016-09-12 17:29:32'),
	(132,48,3,'2016-09-12 17:41:43','2016-09-12 17:41:43'),
	(135,9,3,'2016-09-14 18:32:27','2016-09-14 18:42:07');

/*!40000 ALTER TABLE `participation` ENABLE KEYS */;
UNLOCK TABLES;


# Dump of table rowname
# ------------------------------------------------------------

DROP TABLE IF EXISTS `rowname`;

CREATE TABLE `rowname` (
  `id` int(11) NOT NULL AUTO_INCREMENT,
  `seance_id` int(11) NOT NULL,
  `position` int(11) NOT NULL,
  `title` text NOT NULL,
  `datecreation` timestamp NOT NULL DEFAULT CURRENT_TIMESTAMP,
  PRIMARY KEY (`id`),
  KEY `seance_id` (`seance_id`),
  CONSTRAINT `rowname_ibfk_1` FOREIGN KEY (`seance_id`) REFERENCES `seance` (`id`)
) ENGINE=InnoDB DEFAULT CHARSET=utf8;

LOCK TABLES `rowname` WRITE;
/*!40000 ALTER TABLE `rowname` DISABLE KEYS */;

INSERT INTO `rowname` (`id`, `seance_id`, `position`, `title`, `datecreation`)
VALUES
	(0,2,0,'Utiliser le Li-Fi dans l\'hpital afin de communiquer','2016-05-27 16:37:34'),
	(1,2,1,'Utiliser les ultrasons dans l\'hpital afin de communiquer','2016-05-27 16:37:58'),
	(2,2,2,'Utiliser une autre technologie dans l\'hpital afin de communiquer','2016-05-27 16:38:13'),
	(3,2,3,'Respecter les normes en vigueur dans l\'enceinte de l\'hpital (ondes extrieures)','2016-05-30 17:51:44'),
	(4,2,4,'Innover l\'hpital dans ses moyens de communications','2016-05-30 17:52:30'),
	(5,2,5,'Imaginer de nouveaux modles d\'affaires et organisationnels lis  la communication','2016-05-30 17:52:44'),
	(7,2,-1,'Technologies','2016-06-01 15:15:31'),
	(8,3,-1,'Lieux','2016-09-12 11:06:51'),
	(9,3,0,'Environnements urbains','2016-09-12 11:06:51'),
	(10,3,1,'Environnements de travail','2016-09-12 11:06:51'),
	(11,3,2,'vnementiels (concerts, matchs)','2016-09-12 11:06:51'),
	(12,3,3,'Environnements extrieurs (plages, montagnes)','2016-09-12 11:06:51'),
	(13,3,4,'Autres','2016-09-12 11:07:01');

/*!40000 ALTER TABLE `rowname` ENABLE KEYS */;
UNLOCK TABLES;


# Dump of table seance
# ------------------------------------------------------------

DROP TABLE IF EXISTS `seance`;

CREATE TABLE `seance` (
  `id` int(11) NOT NULL AUTO_INCREMENT,
  `titre` text NOT NULL,
  `datecreation` datetime DEFAULT CURRENT_TIMESTAMP,
  `date` datetime DEFAULT NULL,
  PRIMARY KEY (`id`)
) ENGINE=InnoDB DEFAULT CHARSET=utf8;

LOCK TABLES `seance` WRITE;
/*!40000 ALTER TABLE `seance` DISABLE KEYS */;

INSERT INTO `seance` (`id`, `titre`, `datecreation`, `date`)
VALUES
	(1,'Test de sance','2016-05-10 16:39:18','2016-05-28 00:00:00'),
	(2,'L\'hpital du futur','2016-03-07 19:34:09','2016-09-05 00:00:00'),
	(3,'Le cendrier du futur','2016-09-12 10:57:45','2017-09-17 00:00:00');

/*!40000 ALTER TABLE `seance` ENABLE KEYS */;
UNLOCK TABLES;


# Dump of table seance_has_criteria
# ------------------------------------------------------------

DROP TABLE IF EXISTS `seance_has_criteria`;

CREATE TABLE `seance_has_criteria` (
  `seance_id` int(11) NOT NULL,
  `criteria_id` int(11) NOT NULL,
  `ponderation` int(11) NOT NULL,
  PRIMARY KEY (`seance_id`,`criteria_id`),
  KEY `criteria_id` (`criteria_id`),
  CONSTRAINT `seance_has_criteria_ibfk_1` FOREIGN KEY (`seance_id`) REFERENCES `seance` (`id`),
  CONSTRAINT `seance_has_criteria_ibfk_2` FOREIGN KEY (`criteria_id`) REFERENCES `criteria` (`id`)
) ENGINE=InnoDB DEFAULT CHARSET=utf8;

LOCK TABLES `seance_has_criteria` WRITE;
/*!40000 ALTER TABLE `seance_has_criteria` DISABLE KEYS */;

INSERT INTO `seance_has_criteria` (`seance_id`, `criteria_id`, `ponderation`)
VALUES
	(2,0,0),
	(2,1,0),
	(2,2,0),
	(2,3,0),
	(3,0,1),
	(3,1,1),
	(3,2,1),
	(3,3,1);

/*!40000 ALTER TABLE `seance_has_criteria` ENABLE KEYS */;
UNLOCK TABLES;


# Dump of table user
# ------------------------------------------------------------

DROP TABLE IF EXISTS `user`;

CREATE TABLE `user` (
  `id` int(11) NOT NULL AUTO_INCREMENT,
  `nom` text NOT NULL,
  `prenom` text NOT NULL,
  `entreprise` text,
  `datecreation` datetime DEFAULT CURRENT_TIMESTAMP,
  `email` text,
  PRIMARY KEY (`id`)
) ENGINE=InnoDB DEFAULT CHARSET=utf8;

LOCK TABLES `user` WRITE;
/*!40000 ALTER TABLE `user` DISABLE KEYS */;

INSERT INTO `user` (`id`, `nom`, `prenom`, `entreprise`, `datecreation`, `email`)
VALUES
	(1,'Masson','Dimitri','ESTIA','2016-03-07 16:37:48','d.masson@estia.fr'),
	(3,'Masson','Dimitri','Prima / IIHM','2016-03-07 17:23:21','dimitri.masson@inrialpes.fr'),
	(7,'_Onyme','_Anne','','2016-05-25 16:46:51',''),
	(8,'MASSON','DIMITRI','DIMITRI','2016-05-25 17:59:07','dhm.masson@gmail.com'),
	(9,'Ambrosino','julien','julien','2016-05-26 11:52:19','ambrosino@aerospace-valley.com'),
	(10,'Legardeur','Jrmy','ESTIA','2016-09-12 13:56:13','j.legardeur@estia.fr'),
	(17,'martinez','julien','ESTIA','2016-09-12 16:42:34','j.martinez@net.estia.fr'),
	(18,'Gaiffe','Jrmie','','2016-09-12 16:48:57','j.gaiffe@net.estia.fr'),
	(19,'Fergeau','Kvin','','2016-09-12 16:49:20','k.fergeau@net.estia.fr'),
	(20,'DUPONT','Kvin','ESTIA','2016-09-12 16:54:07','k.dupont@net.estia.fr'),
	(21,'Joly','Vincent','ESTIA 2017','2016-09-12 16:54:13','v.joly@net.estia.fr'),
	(22,'Jasiak','Quentin','ESTIA','2016-09-12 16:54:38','q.jasiak@net.estia.fr'),
	(23,'MARIANI','Laurie','ESTIA','2016-09-12 17:00:29','l.mariani@net.estia.fr'),
	(24,'Wintersdorff','Alexandre','Estia','2016-09-12 17:03:09','a.wintersdorff@net.estia.fr'),
	(25,'de Dinechin','Thomas','3A PROVE','2016-09-12 17:06:13','t.dupontdedinechin@net.estia.fr'),
	(26,'Dizerbo','Armel','3A PROVE','2016-09-12 17:06:31','a.dizerbo@net.estia.fr'),
	(27,'Garenne','Julien','','2016-09-12 17:06:50','j.garenne@net.estia.fr'),
	(28,'cazaubon','valentine','','2016-09-12 17:07:09','v.cazaubon@net.Estia.fr'),
	(29,'Chabert','Ulysse','','2016-09-12 17:07:34','u.chabert@net.estia.fr'),
	(30,'FILLION','Vincent','','2016-09-12 17:08:03','v.fillion@net.estia.fr'),
	(31,'Bidet','Vincent','','2016-09-12 17:08:07','v.bidet@net.estia.fr'),
	(32,'SALIC','Tom','ESTIA','2016-09-12 17:08:08','t.salic@net.estia.fr'),
	(33,'Dubl','Anthony','','2016-09-12 17:08:42','a.duble@net.estia.fr'),
	(34,'Awes--cheynis','Amaury','ESTIA','2016-09-12 17:08:48','a.awescheynis@net.estia.fr'),
	(35,'BORDELAIS','Arnaud','ESTIA','2016-09-12 17:09:02','a.bordelais@net.estia.fr'),
	(36,'Luro','Mathieu','','2016-09-12 17:09:09','m.luro@net.estia.fr'),
	(37,'Poussac','Louis','','2016-09-12 17:09:43','l.poussac@net.estia.fr'),
	(38,'NAESSEN','HUGO','','2016-09-12 17:09:46','h.naessen@net.estia.fr'),
	(39,'Brandstatt','Olivier','','2016-09-12 17:09:52','o.brandstatt@net.estia.fr'),
	(40,'Moureaux','Florent','ESTIA','2016-09-12 17:10:16','florent.m.pro@gmail.com'),
	(41,'Sauvage','Sbastien','','2016-09-12 17:10:18','s.sauvage@net.estia.fr'),
	(42,'GUETAT','Lucas','','2016-09-12 17:10:30','l.guetat@net.estia.fr'),
	(43,'baillet','julien','','2016-09-12 17:10:44','j.baillet@net.estia.fr'),
	(44,'_Onyme','_Anne','','2016-09-12 17:11:12','v.mifsud@net.estia.fr'),
	(45,'Gouspy','Charles','','2016-09-12 17:11:20','c.gouspy@net.estia.fr'),
	(46,'Drillon','Martin','','2016-09-12 17:11:22','drillon.martin@gmail.com'),
	(47,'Caup--David','Los','ESTIA','2016-09-12 17:11:50','l.caupdavid@net.estia.fr'),
	(48,'PAUGAM','valentin','estia 2017','2016-09-12 17:12:02','v.paugam@net.estia.fr'),
	(49,'_Onyme','_Anne','','2016-09-12 17:12:52','e.renon@net.estia.fr'),
	(50,'Dubois','Tho','Estia','2016-09-12 17:13:00','t.dubois@net.estia.fr'),
	(51,'Decuniac','Louis','Estia','2016-09-12 17:13:59','l.decuniac@net.estia.fr'),
	(52,'guglieri','yann','ESTIA','2016-09-12 17:14:14','y.guglieri@net.estia.fr'),
	(53,'Pasco','nicolas','','2016-09-12 17:14:34','n.pasco@net.estia.fr'),
	(54,'CECCCONELLO','Mateo','ESTIA','2016-09-12 17:14:58','m.cecconello@net.estia.fr'),
	(55,'DELALANDE','Alexis','','2016-09-12 17:15:24','a.delalande@net.estia.fr'),
	(56,'Jamrozik','Arthur','ESTIA','2016-09-12 17:15:24','a.jamrozik@net.estia.fr'),
	(57,'ALLAIN','Alexandre','','2016-09-12 17:15:24','a.allain@net.estia.fr'),
	(58,'Gomez','leo','ESTIA 3A Prove','2016-09-12 17:16:13','l.gomez@net.estia.fr'),
	(59,'LERICHE','Adrien','','2016-09-12 17:16:25','a.leriche@net.estia.fr'),
	(60,'rachou','thomas','estia','2016-09-12 17:16:30','t.rachou@net.estia.fr'),
	(61,'gilles','julien','estia','2016-09-12 17:18:17','j.gilles@net.estia.fr'),
	(62,'Pasco','Nicolas','','2016-09-12 17:19:22','nicolas.pascoberho@gmail.com'),
	(63,'Faucheux','Lilian','3 anne','2016-09-12 17:20:24','lilian.faucheux@hotmail.fr'),
	(64,'Roget','Vincent','','2016-09-12 17:23:37','kuhuhiu@toto'),
	(65,'Noullez','Elodie','ESTIA','2016-09-12 17:23:50','e.noullez@net.estia.fr'),
	(66,'RAKOTOARIMANANA','Hanitra','ESTIA','2016-09-12 17:24:29','h.rakotoarimanana@net.estia.fr'),
	(67,'GNANASSEGARANE','Gisle','','2016-09-12 17:28:53','g.gnanassegarane@net.estia.fr');

/*!40000 ALTER TABLE `user` ENABLE KEYS */;
UNLOCK TABLES;



/*!40111 SET SQL_NOTES=@OLD_SQL_NOTES */;
/*!40101 SET SQL_MODE=@OLD_SQL_MODE */;
/*!40014 SET FOREIGN_KEY_CHECKS=@OLD_FOREIGN_KEY_CHECKS */;
/*!40101 SET CHARACTER_SET_CLIENT=@OLD_CHARACTER_SET_CLIENT */;
/*!40101 SET CHARACTER_SET_RESULTS=@OLD_CHARACTER_SET_RESULTS */;
/*!40101 SET COLLATION_CONNECTION=@OLD_COLLATION_CONNECTION */;
